League,Country,LeagueSlug,WikipediaTitle,Level,RawLevel,Status,Aliases
Premier League,England,Premier_League,Premier League,1,[[English football league system|1]],ok,
Bundesliga,Germany,Bundesliga,Bundesliga,1,[[German football league system|1]],ok,
Eredivisie,Netherlands,Eredivisie,Eredivisie,1,[[Dutch football league system#Men|1]],ok,
Primeira Liga,Portugal,Primeira_Liga,Primeira Liga,1,[[Portuguese football league system|1]],ok,
La Liga,Spain,La_Liga,La Liga,1,[[Spanish football league system|1st]],ok,
Serie A,Italy,Serie_A,Serie A,1,[[Italian football league system|1]],ok,
Ligue 1,France,Ligue_1,Ligue 1,1,[[French football league system|1]],ok,
Belgian Pro League,Belgium,Belgian_Pro_League,Belgian Pro League,1,[[Belgian football league system|1]],ok,
EFL Championship,England,EFL_Championship,EFL Championship,2,[[English football league system|2]],ok,
Süper Lig,Turkey,S%C3%BCper_Lig,Süper Lig,1,[[Turkish football league system|1]],ok,
Austrian Bundesliga,Austria,Austrian_Football_Bundesliga,Austrian Football Bundesliga,1,1,ok,
2. Bundesliga,Germany,2._Bundesliga,2. Bundesliga,2,2,ok,
Saudi Pro League,Saudi Arabia,Saudi_Pro_League,Saudi Pro League,1,[[Saudi football league system|1]],ok,
Scottish Premiership,Scotland,Scottish_Premiership,Scottish Premiership,1,[[Scottish football league system|1]],ok,
Czech First League,Czech Republic,Czech_First_League,Czech First League,1,1,ok,
Eerste Divisie,Netherlands,Eerste_Divisie,Eerste Divisie,2,2,ok,
Croatian Football League,Croatia,Croatian_Football_League,Croatian Football League,1,1,ok,
2. Liga,Austria,2._Liga_(Austria),2. Liga (Austria),2,2,ok,2. Liga (Austria)
Swiss Super League,Switzerland,Swiss_Super_League,Swiss Super League,1,[[Swiss football league system|1]],ok,
Ligue 2,France,Ligue_2,Ligue 2,2,2,ok,
EFL League One,England,EFL_League_One,EFL League One,3,[[English football league system|3]],ok,
Liga Portugal 2,Portugal,Liga_Portugal_2,Liga Portugal 2,2,[[Portuguese football league system|2]],ok,
A-League Men,Australia,A-League_Men,A-League Men,1,[[Australian soccer league system|1]],ok,
Persian Gulf Pro League,Iran,Persian_Gulf_Pro_League,Persian Gulf Pro League,1,[[Iranian football league system|1]],ok,
Jordanian Pro League,Jordan,Jordanian_Pro_League,Jordanian Pro League,1,1,ok,
Primera Federación,Spain,Primera_Federaci%C3%B3n,Primera Federación,3,3,ok,
Regionalliga Bayern,Germany,Regionalliga_Bayern,Regionalliga Bayern,4,[[German football league system|4]],ok,
Egyptian Premier League,Egypt,Egyptian_Premier_League,Egyptian Premier League,1,1,ok,
Segunda División,Spain,Segunda_Divisi%C3%B3n,Segunda División,2,[[Spanish football league system|2]],ok,
Super League Greece,Greece,Super_League_Greece,Super League Greece,1,[[Greek football league system|1]],ok,
Central League,New Zealand,Central_League_(New_Zealand),Central League (New Zealand),2,[[New Zealand football league system|2]],ok,
Superliga,Denmark,Danish_Superliga,Danish Superliga,1,1,ok,Danish Superliga
Liga MX,Mexico,Liga_MX,Liga MX,1,[[Mexican football league system|1]],ok,
Major League Soccer,United States,Major_League_Soccer,Major League Soccer,1,[[United States soccer league system|1]],ok,
Qatar Stars League,Qatar,Qatar_Stars_League,Qatar Stars League,1,1,ok,Qatari Stars League
Campeonato Brasileiro Série A,Brazil,Campeonato_Brasileiro_S%C3%A9rie_A,Campeonato Brasileiro Série A,1,[[Brazilian football league system|1]],ok,
Primera División,Argentina,Argentine_Primera_Divisi%C3%B3n,AFA Liga Profesional de Fútbol,1,1,ok,Liga Profesional; Liga Profesional de Fútbol
Iraq Stars League,Iraq,Iraq_Stars_League,Iraq Stars League,1,1,ok,
South African Premiership,South Africa,South_African_Premiership,South African Premiership,1,1,ok,Premiership
Ecuadorian Serie A,Ecuador,Ecuadorian_Serie_A,LigaPro Serie A,1,1,ok,LigaPro Serie A; Serie A
K League 1,South Korea,K_League_1,K League 1,1,[[South Korean football league system|1]],ok,
Regionalliga West,Germany,Regionalliga_West,Regionalliga West,4,[[German football league system|Level 4]],ok,
Championnat National 2 (National 2),France,Championnat_National_3,Championnat National 2,5,5,ok,Championnat National 2; Championnat National 3; National 2; National 3
Uzbekistan Super League,Uzbekistan,Uzbekistan_Super_League,Uzbekistan Super League,1,1,ok,
Segunda Federación,Spain,Segunda_Federaci%C3%B3n,Segunda Federación,4,4,ok,
3. Liga,Germany,3._Liga,3. Liga,3,3,ok,
Liga AUF Uruguaya,Uruguay,Liga_AUF_Uruguaya,Liga AUF Uruguaya,1,[[Officials championships of football of Uruguay|1]],ok,
Serbian SuperLiga,Serbia,Serbian_SuperLiga,Serbian SuperLiga,1,1,ok,
División de Honor,Paraguay,APF_Divisi%C3%B3n_de_Honor,APF División de Honor,1,1,ok,Primera División
Allsvenskan,Sweden,Allsvenskan,Allsvenskan,1,[[Swedish football league system|1]],ok,
Categoría Primera A,Colombia,Categor%C3%ADa_Primera_A,Liga DIMAYOR,1,1,ok,
Russian Premier League,Russia,Russian_Premier_League,Russian Premier League,1,[[Football in Russia#League system|1]],ok,
Eliteserien,Norway,Eliteserien,Eliteserien,1,1,ok,
MLS Next Pro,United States,MLS_Next_Pro,MLS Next Pro,3,[[United States soccer league system|3]],ok,
Challenger Pro League,Belgium,Challenger_Pro_League,Challenger Pro League,2,2,ok,Belgian First Division B
TFF 2. Lig,Turkey,TFF_2._Lig,TFF 2. Lig,3,3,ok,
Segunda División,Uruguay,Uruguayan_Segunda_Divisi%C3%B3n,Uruguayan Segunda División,2,[[Uruguayan football league system|2]],ok,Uruguayan Segunda División
Liga Panameña de Fútbol,Panama,Liga_Paname%C3%B1a_de_F%C3%BAtbol,Liga LPF,1,1,ok,
Serie B,Italy,Serie_B,Serie B,2,2,ok,
Serie C,Italy,Serie_C,Serie C,3,3,ok,
TFF 1. Lig,Turkey,TFF_1._Lig,TFF 1. Lig,2,2,ok,
J1 League,Japan,J1_League,J1 League,1,[[Japanese association football league system#Overview|1]],ok,
AF Porto Liga Pro,Portugal,Porto_Football_Association,Porto Football Association,4,"[[Portuguese football league system|4, 5, 6, 7]]",ok,
Israeli Premier League,Israel,Israeli_Premier_League,Israeli Premier League,1,1,ok,
Championnat National 1,France,Championnat_National_1,Championnat National 1,4,4,ok,National 1
Ligue 3,France,Ligue_3,Ligue 3,3,3,ok,
Tunisian Ligue Professionnelle 1,Tunisia,Tunisian_Ligue_Professionnelle_1,Tunisian Ligue Professionnelle 1,1,[[Football in Tunisia#Men's structure|1]],ok,
Northern League,New Zealand,Northern_League_(New_Zealand),Northern League (New Zealand),2,[[New Zealand football league system|2]],ok,
Ligue 2,Algeria,Algerian_Ligue_2,Algerian League 2,2,2,ok,League 2
Malaysia Super League,Malaysia,Malaysia_Super_League,Malaysia Super League,1,1,ok,
Liga 3,Portugal,Liga_3_(Portugal),Liga 3 (Portugal),3,[[Portuguese football league system|3]],ok,
Liga de Expansión MX,Mexico,Liga_de_Expansi%C3%B3n_MX,Liga de Expansión MX,2,[[Mexican football league system|2]],ok,
First Division,Cyprus,Cypriot_First_Division,Cypriot First Division,1,1,ok,Cypriot First Division
Premier League BH,Bosnia and Herzegovina,Premier_League_of_Bosnia_and_Herzegovina,Premier League of Bosnia and Herzegovina,1,[[Bosnia and Herzegovina football league system|1]],ok,Premier League of Bosnia and Herzegovina
Druga HNL,Croatia,Croatian_Second_Football_League,Second Football League (Croatia),3,3,ok,Second League
Regionalliga Südwest,Germany,Regionalliga_S%C3%BCdwest,Regionalliga Südwest,4,[[German football league system|Level 4]],ok,
EFL League Two,England,EFL_League_Two,EFL League Two,4,[[English football league system|4]],ok,
Botola Pro,Morocco,Botola_Pro,Botola Pro,1,1,ok,
Scottish Championship,Scotland,Scottish_Championship,Scottish Championship,2,2,ok,
Scottish League One,Scotland,Scottish_League_One,Scottish League One,3,3,ok,
UAE Pro League,United Arab Emirates,UAE_Pro_League,UAE Pro League,1,1|domest_cup=[[UAE President's Cup]]<br />[[UAE Super Cup]]<br/> [[UAE FA Cup]]|league_cup=[[UAE League Cup]]|confed_cup=[[AFC Champions League Elite]]<br/>[[AFC Champions League Two]]|champions=[[Al Ain FC|Al Ain]] (15th title)|season=[[2025–26 UAE Pro League|2025–26]]|most successful club=[[Al Ain FC|Al Ain]] (15 titles)|tv=[[Abu Dhabi Sports]]<br />[[Dubai Sports]]<br />Sharjah Sports<br />,ok,
Ligue 1,Ivory Coast,Ligue_1_(Ivory_Coast),Ligue 1 (Ivory Coast),1,1,ok,
Superettan,Sweden,Superettan,Superettan,2,[[Swedish football league system|2]],ok,
Premier League,Bahrain,Bahraini_Premier_League,Bahraini Premier League,1,1,ok,
Senegal Premier League,Senegal,Senegal_Premier_League,Ligue 1 (Senegal),1,1,ok,
Czech National Football League,Czech Republic,Czech_National_Football_League,Czech National Football League,2,2,ok,
Bohemian Football League,Czech Republic,Bohemian_Football_League,Bohemian Football League,3,3,ok,
Régional 1,France,R%C3%A9gional_1,Régional 1,6,corrected: lead: 'sixth-tier' regional leagues (below National 3),corrected,Brittany Football League
Tercera Federación,Spain,Tercera_Federaci%C3%B3n,Tercera Federación,5,[[Spanish football league system|5]],ok,
J2 League,Japan,J2_League,J2 League,2,[[Japanese association football league system#Overview|2]],ok,
K League 2,South Korea,K_League_2,K League 2,2,[[South Korean football league system|2]],ok,
Ontario Premier League,Canada,Ontario_Premier_League,Ontario Premier League,3,[[Canadian soccer league system|3]],ok,
USL Championship,United States,USL_Championship,USL Championship,2,2,ok,
Victoria Premier League 1,Australia,Victoria_Premier_League_1,Victorian Premier League,3,corrected: state league directly below NPL Victoria,corrected,
Regionalliga Nordost,Germany,Regionalliga_Nordost,Regionalliga Nordost,4,[[German football league system|Level 4]],ok,
Turkish Regional Amateur League,Turkey,Turkish_Regional_Amateur_League,Turkish Regional Amateur League,5,5,ok,Regional Amateur League
Primera Nacional,Argentina,Primera_Nacional,Primera Nacional,2,2,ok,
Serie B,Ecuador,Ecuadorian_Serie_B,Ecuadorian Serie B,2,2,ok,
Regionalliga Nord,Germany,Regionalliga_Nord,Regionalliga Nord,4,[[German football league system|Level 4]],ok,
1. divisjon,Norway,1._divisjon,Norwegian First Division,2,2,ok,Norwegian First Division; OBOS-ligaen
Belgian Second Division,Belgium,Proximus_League,Belgian Second Division,2,2,ok,Proximus League
Campeonato de Portugal,Portugal,Campeonato_de_Portugal_(league),Campeonato de Portugal (league),4,corrected: lead: 'fourth level' (Liga 3 added as tier 3 in 2021),corrected,
Azadegan League,Iran,Azadegan_League,Azadegan League,2,[[Iranian football league system|2]],ok,
Danish 2nd Division,Denmark,Danish_2nd_Division,Danish 2nd Division,3,3,ok,2nd Division
Central League 2,New Zealand,Central_League_2_(New_Zealand),Central League 2 (New Zealand),3,[[New Zealand football league system|3]],ok,
Slovak First Football League,Slovakia,Slovak_First_Football_League,Slovak First Football League,1,1,ok,
First Division League,Saudi Arabia,Saudi_First_Division_League,Saudi First Division League,2,[[Saudi football league system|2]],ok,FD League; Saudi First Division; Saudi First Division League
Iraqi Premier Division League,Iraq,Iraqi_Premier_Division_League,Iraqi Premier Division League,2,2,ok,
Ligue 1,Algeria,Algerian_Ligue_Professionnelle_1,Algerian Ligue Professionnelle 1,1,1,ok,Algerian Ligue Professionnelle 1
Jordanian First Division League,Jordan,Jordanian_First_Division_League,Jordanian First Division League,2,2,ok,
Liga FUTVE,Venezuela,Liga_FUTVE,Liga FUTVE,1,1,ok,
Czech Fourth Division,Czech Republic,Czech_Fourth_Division,Czech Fourth Division,4,4,ok,
Northern Premier League,England,Northern_Premier_League,Northern Premier League,7,[[English football league system|Levels 7–8]],ok,
Liga Premier,Mexico,Liga_Premier_de_M%C3%A9xico,Liga Premier de México,3,[[Mexican football league system|3]],ok,
National First Division,South Africa,National_First_Division,National First Division,2,2,ok,First Division
Chinese Super League,China,Chinese_Super_League,Chinese Super League,1,[[Chinese football league system|1]],ok,
Ettan,Sweden,Ettan_(football),Ettan Fotboll,3,3,ok,Division 1 Södra; Ettan Fotboll; Ettan Norra; Ettan Södra
Liga,Moldova,Moldovan_Liga,Moldovan Liga,1,1,ok,
Swiss Challenge League,Switzerland,Swiss_Challenge_League,Swiss Challenge League,2,2,ok,Challenge League
USL League One,United States,USL_League_One,USL League One,3,[[United States soccer league system#Men's league structure|3]],ok,
MLS Next,United States,MLS_Next,MLS Next,,manual: youth development league (not a senior pyramid tier),manual-na,
LS Pro,Canada,Ligue1_Qu%C3%A9bec,LS Pro,3,[[Canadian soccer league system|3]],ok,Ligue1 Québec
Regionalliga Central,Austria,Austrian_Regionalliga_Central,Austrian Regionalliga Central,3,3,ok,
Qatari Second Division,Qatar,Qatari_Second_Division,Qatar Stars League 2,2,2,ok,
Campeonato Paulista Série A3,Brazil,Campeonato_Paulista_S%C3%A9rie_A3,Campeonato Paulista Série A3,3,3,ok,
Campeonato Brasileiro Série B,Brazil,Campeonato_Brasileiro_S%C3%A9rie_B,Campeonato Brasileiro Série B,2,[[Brazilian football league system|2]],ok,
First League,Bulgaria,First_Professional_Football_League_(Bulgaria),First Professional Football League (Bulgaria),1,1,ok,First Professional Football League
Ligue Haïtienne,Haiti,Ligue_Ha%C3%AFtienne,Ligue Haïtienne,1,1,ok,
Régional 3,France,R%C3%A9gional_3,French football league system,8,manual: French football league system: Level 8,manual,
1st Division,Denmark,Danish_1st_Division,Danish 1st Division,2,2,ok,Danish 1st Division
Serbian First League,Serbia,Serbian_First_League,Serbian First League,2,2,ok,
A-League Youth,Australia,National_Youth_League_(Australia),A-League Youth,,"corrected: A-League youth/reserve competition, not a senior tier",corrected-na,National Youth League
NPL South Australia,Australia,National_Premier_Leagues_South_Australia,National Premier Leagues South Australia,2,corrected: NPL = second tier of the Australian pyramid,corrected,
Gamma Ethniki,Greece,Gamma_Ethniki,Gamma Ethniki,3,"{{Unbulleted list|[[Greek football league system|3]] (1965–1967, 1977–2019 & 2021–present)|[[Greek football league system|4]] (2019–2021)}}",ok,
NSW League One,Australia,National_Premier_Leagues_NSW_2,Football NSW League,3,corrected: state league directly below NPL NSW,corrected,
National League,England,National_League_(division),National League (division),5,5<br />Step 1 ([[National League System]]),ok,
División Intermedia,Paraguay,Paraguayan_Divisi%C3%B3n_Intermedia,APF División Intermedia,2,2,ok,
Super League,Indonesia,Super_League_(Indonesia),Super League (Indonesia),1,[[Indonesian football league system|1]],ok,
Slovenian PrvaLiga,Slovenia,Slovenian_PrvaLiga,Slovenian PrvaLiga,1,1,ok,
J3 League,Japan,J3_League,J3 League,3,[[Japanese association football league system#Overview|3]],ok,
Division 2,Sweden,Division_2_(Swedish_football),Division 2 (Swedish football),4,4,ok,Division 2 Norra Götaland; Division 2 Västra Götaland
Division 3,Sweden,Division_3_(Swedish_football),Division 3 (Swedish football),5,5,ok,Division 3 Norra Svealand
Tehran Province league,Iran,Tehran_Province_league,Tehran Province League,5,5,ok,Tehran Province League
League 2 (Iran),Iran,League_2_(Iran),League 2 (Iran),3,3 (2001–)<br />2 (1972–2001),ok,League 2
National League North,England,National_League_North,National League North,6,6<br>Step 2 ([[National League System]]),ok,
Armenian Premier League,Armenia,Armenian_Premier_League,Armenian Premier League,1,1,ok,
New Zealand Football Championship,New Zealand,New_Zealand_Football_Championship,New Zealand Football Championship,1,1,ok,ASB Premiership; ISPS Handa Premiership
São Vicente Island League,Cape Verde,S%C3%A3o_Vicente_Island_League,São Vicente Premier Division,1,manual: island top division (feeds national championship),manual,
Santiago Island League (South),Cape Verde,Santiago_Island_League_(South),Santiago South Premier Division,1,manual: island top division (feeds national championship),manual,
AF Madeira 1ª Divisão,Portugal,Madeira_Football_Association,Madeira Football Association,5,manual: Madeira FA first division = district Level 5,manual,
Saudi Second Division League,Saudi Arabia,Saudi_Second_Division_League,Saudi Second Division League,3,[[Saudi football league system|3]],ok,Second Division
Promotion League,Switzerland,Promotion_League,Promotion League,3,3,ok,
Thai League 1,Thailand,Thai_League_1,Thai League 1,1,[[Thai football league system|1]],ok,Thai League
Belgian Division 1,Belgium,Belgian_Division_1,Belgian Division 1,3,3,ok,
Jordanian Third Division League,Jordan,Jordanian_Third_Division_League,Jordanian Third Division League,4,4,ok,
Categoría Primera B,Colombia,Categor%C3%ADa_Primera_B,Categoría Primera B,2,2,ok,
Super League Greece 2,Greece,Super_League_Greece_2,Super League Greece 2,2,[[Greek football league system|2]],ok,
First Division League,United Arab Emirates,UAE_First_Division_League,UAE First Division League,2,2,ok,UAE Division One
Russian First League,Russia,Russian_First_League,Russian First League,2,2,ok,
Uzbekistan Pro League,Uzbekistan,Uzbekistan_Pro_League,Uzbekistan Pro League,2,2,ok,Uzbekistan First League
4. NL Središte Zagreb podskupina A,Croatia,Croatian_football_league_system,Croatian football league system,5,"manual: Četvrta NL Zagreb, regional ~Level 5 (post-2022)",manual,
1. ŽNL,Croatia,First_County_Football_League_(Croatia),First County Football League (Croatia),5,5,ok,
Ghana Premier League,Ghana,Ghana_Premier_League,Ghana Premier League,1,1,ok,Premier League
Liga Promerica,Costa Rica,Liga_FPD,Liga FPD,1,1,ok,
Liga 1,Peru,Peruvian_Primera_Divisi%C3%B3n,Liga 1 (Peru),1,1,ok,
Liga de Primera,Chile,Liga_de_Primera,Liga de Primera,1,1,ok,
2. Liga,Slovakia,2._Liga_(Slovakia),2. Liga (Slovakia),2,2,ok,
Moravian-Silesian Football League,Czech Republic,Moravian-Silesian_Football_League,Moravian-Silesian Football League,3,3,ok,
SAFA Second Division,South Africa,SAFA_Second_Division,SAFA Second Division,3,3,ok,ABC Motsepe League; SAFA Second Division Gauteng Stream
K3 League,South Korea,K3_League,K3 League,3,[[South Korean football league system|3]],ok,
First League of FBiH,Bosnia and Herzegovina,First_League_of_the_Federation_of_Bosnia_and_Herzegovina,First League of the Federation of Bosnia and Herzegovina,2,[[Bosnia and Herzegovina football league system|2]],ok,
League of Hercegovina-Neretva Canton,Bosnia and Herzegovina,League_of_Hercegovina-Neretva_Canton,League of Hercegovina-Neretva Canton,4,manual: cantonal league = Level 4 (per article),manual,
Ukrainian Premier League,Ukraine,Ukrainian_Premier_League,Ukrainian Premier League,1,1,ok,
Ekstraklasa,Poland,Ekstraklasa,Ekstraklasa,1,[[Polish football league system|1]],ok,
"III liga, group I",Poland,III_liga,III liga,4,[[Polish football league system|4]],ok,
Kazakhstan Premier League,Kazakhstan,Kazakhstan_Premier_League,Kazakhstan Premier League,1,1,ok,Premier League
3. NL – South,Croatia,Third_Football_League_(Croatia),Third Football League (Croatia),4,4,ok,
NB I,Hungary,Nemzeti_Bajnoks%C3%A1g_I,Nemzeti Bajnokság I,1,[[Hungarian football league system|1]],ok,
Second League of FBiH,Bosnia and Herzegovina,Second_League_of_the_Federation_of_Bosnia_and_Herzegovina,Second League of the Federation of Bosnia and Herzegovina,3,[[Bosnia and Herzegovina football league system|3]],ok,
Liga I,Romania,Liga_I,Liga I,1,[[Romanian football league system|1]],ok,
USL League Two,United States,USL_League_Two,USL League Two,4,"manual: amateur/pre-pro, ~Level 4 (below USL League One)",manual,Premier Development League
British Columbia Premier League,Canada,British_Columbia_Premier_League,British Columbia Premier League,3,[[Canadian soccer league system|3]],ok,
Alberta Premier League,Canada,Alberta_Premier_League,Alberta Premier League,3,[[Canadian soccer league system|3]],ok,
Canadian Premier League,Canada,Canadian_Premier_League,Canadian Premier League,1,[[Canadian soccer league system|1]],ok,
Eastern Premier Soccer League,United States,Eastern_Premier_Soccer_League,American Premier Soccer League,5,"manual: regional amateur, outside sanctioned pyramid (~Level 5)",manual,
Oberliga Schleswig-Holstein,Germany,Oberliga_Schleswig-Holstein,Oberliga Schleswig-Holstein,5,[[German football league system|Level 5]],ok,
North American Soccer League (2011–2017),United States,North_American_Soccer_League_(2011%E2%80%932017),North American Soccer League (2011–2017),2,[[United States soccer league system|2]],ok,NASL
Canadian Soccer League,Canada,Canadian_Soccer_League,Canadian Soccer League,3,"manual: unsanctioned semi-pro, ~Level 3 (outside official pyramid)",manual,
Maltese Premier League,Malta,Maltese_Premier_League,Maltese Premier League,1,1,ok,
Maltese Challenge League,Malta,Maltese_Challenge_League,Maltese Challenge League,2,2,ok,
Esiliiga,Estonia,Esiliiga,Esiliiga,2,2,ok,
Meistriliiga,Estonia,Meistriliiga,Meistriliiga,1,1,ok,
Beja FA,Portugal,Beja_Football_Association,Beja Football Association,5,manual: Beja FA first division = district Level 5,manual,
Regional Preferente,Spain,Regional_Preferente_de_La_Rioja,Divisiones Regionales de Fútbol in La Rioja,6,6,ok,
1. Liga Classic,Switzerland,1._Liga_Classic,1. Liga Classic,4,4,ok,
Campeonato Paulista Segunda Divisão,Brazil,Campeonato_Paulista_Segunda_Divis%C3%A3o,Campeonato Paulista Segunda Divisão,5,5,ok,
Campeonato Paulista Série A2,Brazil,Campeonato_Paulista_S%C3%A9rie_A2,Campeonato Paulista Série A2,2,2,ok,
Campeonato Brasileiro Série D,Brazil,Campeonato_Brasileiro_S%C3%A9rie_D,Campeonato Brasileiro Série D,4,[[Brazilian football league system|4]],ok,
Campeonato Brasileiro Série C,Brazil,Campeonato_Brasileiro_S%C3%A9rie_C,Campeonato Brasileiro Série C,3,[[Brazilian football league system|3]],ok,
Portuguese Second Division,Portugal,Portuguese_Second_Division,Segunda Divisão,2,[[Portuguese football league system|2]] (1934–1990)<br />[[Portuguese football league system|3]] (1990–2013),ok,
Second League,Bulgaria,Second_Professional_Football_League_(Bulgaria),Second Professional Football League (Bulgaria),2,2,ok,
United Premier Soccer League,United States,United_Premier_Soccer_League,United Premier Soccer League,5,"manual: amateur/semi-pro, outside sanctioned pyramid (~Level 5)",manual,
Segunda División Profesional de Chile,Chile,Segunda_Divisi%C3%B3n_Profesional_de_Chile,Segunda División Profesional de Chile,3,3,ok,Segunda División Profesional
Primera B,Chile,Primera_B_de_Chile,Campeonato Nacional Primera B,2,2,ok,
Indian Super League,India,Indian_Super_League,Indian Super League,1,[[Indian football league system#Men's|1]],ok,
Oberliga Rheinland-Pfalz/Saar,Germany,Oberliga_Rheinland-Pfalz/Saar,Oberliga Rheinland-Pfalz/Saar,5,[[German football league system|Level 5]],ok,
Second Division,Cyprus,Cypriot_Second_Division,Cypriot Second Division,2,2,ok,
Virslīga,Latvia,Latvian_Higher_League,Latvian Higher League,1,1,ok,
II liiga,Estonia,II_liiga,II liiga,4,4,ok,
Erovnuli Liga,Georgia,Erovnuli_Liga,Erovnuli Liga,1,1,ok,
Amateur National,Morocco,Amateur_National,Amateur National,3,3–5,ok,Amateurs I
Régional 2,France,French_football_league_system#Regional_leagues,French football league system,7,manual: French football league system: Level 7,manual,
Botola Pro 2,Morocco,Botola_Pro_2,Botola Pro D2,2,2,ok,
Oberliga Westfalen,Germany,Oberliga_Westfalen,Oberliga Westfalen,5,[[German football league system|Level 5]],ok,
Football Queensland Premier League,Australia,Football_Queensland_Premier_League,Football Queensland Premier League,3,corrected: state league directly below NPL (national tier 3),corrected,FQPL
FQLD 3 – South Coast,Australia,Football_Queensland_Premier_League_3_%E2%88%92_South_Coast,Football Queensland Premier League 3 – South Coast,4,corrected: Queensland regional level below FQPL,corrected,FQPL 3 − South Coast
Midland League,England,Midland_Football_League,Midland Football League,9,[[English football league system|Levels 9–11]] (Premier Division; Division One; Division Two),ok,
West of Scotland League Second Division,Scotland,West_of_Scotland_Football_League#Second_Division,West of Scotland Football League,6,6–10,ok,
Lowland League West,Scotland,Lowland_Football_League#Lowland_League_West,Lowland Football League,5,5,ok,
National League South,England,National_League_South,National League South,6,6<br> Step 2 ([[National League System]]),ok,
Southern League,England,Southern_Football_League,Southern Football League,7,[[English football league system|Levels 7–8]],ok,Southern Football League
Lowland League East,Scotland,Lowland_Football_League#Lowland_League_East,Lowland Football League,5,5,ok,
National Premier Leagues NSW,Australia,National_Premier_Leagues_NSW,National Premier Leagues NSW,2,corrected: NPL = second tier of the Australian pyramid,corrected,NPL NSW
NPL Western Australia,Australia,National_Premier_Leagues_Western_Australia,National Premier Leagues Western Australia,2,corrected: NPL = second tier of the Australian pyramid,corrected,
NPL Queensland,Australia,National_Premier_Leagues_Queensland,National Premier Leagues Queensland,2,corrected: NPL = second tier of the Australian pyramid,corrected,
NPL Victoria,Australia,National_Premier_Leagues_Victoria,National Premier Leagues Victoria,2,corrected: lead: 'second tier within the overall Australian pyramid',corrected,
State League Division 4-South,Australia,Victorian_State_League_Division_4,Victorian State League,5,corrected: low Australian state-league level,corrected,
Veikkausliiga,Finland,Veikkausliiga,Veikkausliiga,1,1,ok,
Primera B Nacional,Paraguay,Paraguayan_Tercera_Divisi%C3%B3n,Paraguayan Tercera División,3,manual: slug -> Paraguayan Tercera Division = Level 3 (name mismatch),manual,
Primera B Metropolitana,Paraguay,Primera_Divisi%C3%B3n_B_Metropolitana,Primera División B Metropolitana,3,3,ok,Primera B
Primera C,Argentina,Primera_C,Primera C Metropolitana,4,4,ok,
Torneo Federal A,Argentina,Torneo_Federal_A,Torneo Federal A,3,3,ok,
Portuguese District Championships,Portugal,Portuguese_District_Championships,Portuguese District Championships,5,manual: top district division = Level 5,manual,District Championship
TFF 3. Lig,Turkey,TFF_3._Lig,TFF 3. Lig,4,4,ok,TFF Third League
Denizli Super Amateur League,Turkey,Super_Amateur_Leagues,Super Amateur Leagues,6,6,ok,
Ankara Amateur First Division,Turkey,Amateur_First_Division,Amateur First Division,7,7,ok,
NPSL,United States,National_Premier_Soccer_League,National Premier Soccer League,4,"manual: amateur, ~Level 4 (USASA)",manual,
Vierde Divisie,Netherlands,Vierde_Divisie,Vierde Divisie,5,5,ok,
Tweede Divisie,Netherlands,Tweede_Divisie,Tweede Divisie,3,3,ok,
Derde Divisie,Netherlands,Derde_Divisie,Derde Divisie,4,4,ok,
Azerbaijan Premier League,Azerbaijan,Azerbaijan_Premier_League,Azerbaijan Premier League,1,1,ok,
Championship,Indonesia,Championship_(Indonesia),Championship (Indonesia),2,[[Indonesian football league system|2]],ok,
Oberliga Baden-Württemberg,Germany,Oberliga_Baden-W%C3%BCrttemberg,Oberliga Baden-Württemberg,5,[[German football league system|Level 5]],ok,
Bayernliga Nord,Germany,Bayernliga_Nord,Bayernliga,5,[[German football league system|Level 5]],ok,Bayernliga Süd
Landesliga Braunschweig,Germany,Landesliga_Braunschweig,Landesliga Braunschweig,6,[[German football league system|Level 6]],ok,
Ligue 2,Ivory Coast,Ligue_2_(Ivory_Coast),Ligue 2 (Ivory Coast),2,2,ok,
Landesliga Hamburg-Hammonia,Germany,Landesliga_Hamburg-Hammonia,Landesliga Hamburg-Hammonia,6,[[German football league system|Level 6]],ok,
Tunisian Ligue Professionnelle 2,Tunisia,Tunisian_Ligue_Professionnelle_2,Tunisian Ligue Professionnelle 2,2,2,ok,Ligue 2
Besta deild karla,Iceland,Besta_deild_karla,Besta deild karla,1,1,ok,
2. divisjon,Norway,Norwegian_Second_Division,Norwegian Second Division,3,3,ok,Norwegian Second Division
Egyptian Second Division B,Egypt,Egyptian_Second_Division_B,Egyptian Second Division B,3,3,ok,
Egyptian Second Division,Egypt,Egyptian_Second_Division,Egyptian Second Division,2,2,ok,
Egyptian Third Division,Egypt,Egyptian_Third_Division,Egyptian Third Division,4,4,ok,
Egyptian Second Division A,Egypt,Egyptian_Second_Division_A,Egyptian Second Division A,2,2,ok,
League 3 (Iran),Iran,League_3_(Iran),League 3 (Iran),4,[[Iranian football league system#Current system|4]],ok,League 3
Russian Second League,Russia,Russian_Second_League,Russian Second League,3,3–4,ok,
NRFL Championship,New Zealand,NRFL_Championship,NRFL Championship,3,[[New Zealand football league system|3]],ok,
NRFL Northern Conference,New Zealand,NRFL_Conference,NRFL Conference,4,[[New Zealand football league system|4]],ok,NRFL Southern Conference
Ykkösliiga,Finland,Ykk%C3%B6sliiga,Ykkösliiga,2,2,ok,
I liga,Poland,I_liga,I liga,2,[[Polish football league system|2]],ok,
League of Ireland Premier Division,Ireland,League_of_Ireland_Premier_Division,League of Ireland Premier Division,1,1,ok,
Canterbury Premiership League,New Zealand,Canterbury_Premiership_League,Canterbury Premiership League,3,[[New Zealand football league system|3]],ok,
Cape Verdean football Championships,Cape Verde,Cape_Verdean_football_Championships,Cape Verdean Football Championship,1,1,ok,
Segundona,Angola,Segundona,Segundona,2,2,ok,
NB II,Hungary,Nemzeti_Bajnoks%C3%A1g_II,Nemzeti Bajnokság II,2,[[Hungarian football league system|2]],ok,
Terceira Divisão,Portugal,Terceira_Divis%C3%A3o,Terceira Divisão,3,[[Portuguese football league system|3]] (1948–1990)<br>[[Portuguese football league system|4]] (1990–2013),ok,
Liga II,Romania,Liga_II,Liga II,2,2,ok,
"III liga, group IV",Poland,"III_liga,_group_IV","III liga, group IV",4,[[Polish football league system|4]],ok,
Division 4 Sörmland,Sweden,Swedish_Football_Division_4,Division 4 (Swedish football),6,6,ok,
Norwegian Third Division,Norway,Norwegian_Third_Division,Norwegian Third Division,4,4,ok,3. divisjon
Iraqi Third Division League,Iraq,Iraqi_Third_Division_League,Iraqi Third Division League,5,5,ok,
Iraqi First Division League,Iraq,Iraqi_First_Division_League,Iraqi First Division League,3,3,ok,
Oberliga Niedersachsen,Germany,Oberliga_Niedersachsen,Oberliga Niedersachsen,5,[[German football league system|Level 5]],ok,
Austrian Regionalliga West,Austria,Austrian_Regionalliga_West,Austrian Regionalliga West,3,3,ok,
2. Liga Interregional,Switzerland,2._Liga_Interregional,2. Liga Interregional,5,5,ok,
Interregional League,Algeria,Interregional_League,Interregional League,3,3,ok,Inter-Régions Division
Tercera Federación – Group 5,Spain,Tercera_Divisi%C3%B3n_Groups_1-9,Tercera División,5,corrected: current Tercera Federación = 5th tier of Spanish pyramid,corrected,3ª – Group 5
Regionalliga Salzburg,Austria,Regionalliga_Salzburg,Regionalliga Salzburg,3,3,ok,
Regionalliga East,Austria,Austrian_Regionalliga_East,Austrian Regionalliga East,3,3,ok,
Landesliga Steiermark,Austria,Landesliga_Steiermark,Landesliga Steiermark,4,4,ok,
1. Landesliga,Austria,1._Nieder%C3%B6sterreichische_Landesliga,1. Niederösterreichische Landesliga,4,4,ok,
Wiener Stadtliga,Austria,Wiener_Stadtliga,Wiener Stadtliga,4,4,ok,
Lebanese Premier League,Lebanon,Lebanese_Premier_League,Lebanese Premier League,1,[[Lebanese football league system|1]],ok,
Yemeni Premier League,Yemen,Yemeni_Premier_League,Yemeni Premier League,1,"manual: top division (Wikipedia: Yemeni League, levels=1)",manual,
Libyan Premier League,Libya,Libyan_Premier_League,Libyan Premier League,1,1,ok,
Kuwait Premier League,Kuwait,Kuwait_Premier_League,Kuwait Premier League,1,1,ok,
Oman Professional League,Oman,Oman_Professional_League,Oman Professional League,1,1,ok,Oman Elite League
Malaysia A2 Amateur League,Malaysia,Malaysia_A2_Amateur_League,Malaysia A2 Amateur League,3,3,ok,
Second Division,Bahrain,Bahraini_Second_Division,Bahraini Second Division,2,2,ok,
Campeonato Paulista Série A4,Brazil,Campeonato_Paulista_S%C3%A9rie_A4,Campeonato Paulista Série A4,4,4,ok,
II liga,Poland,II_liga,II liga,3,[[Polish football league system|3]],ok,
Linafoot,DR Congo,Linafoot,Linafoot,1,1,ok,Ilicocash Ligue 1
Tanzanian Premier League,United Republic of Tanzania,Tanzanian_Premier_League,Tanzanian Premier League,1,1,ok,
BGL Ligue,Luxembourg,Luxembourg_National_Division,Luxembourg National Division,1,1,ok,
Lisbon FA 2nd Division,Portugal,Lisbon_Football_Association,Lisbon Football Association,6,manual: Lisbon FA second division = district Level 6,manual,
Belarusian First League,Belarus,Belarusian_First_League,Belarusian First League,2,[[Football in Belarus#League system|2]],ok,
Belarusian Premier League,Belarus,Belarusian_Premier_League,Belarusian Premier League,1,[[Football in Belarus#League system|1]],ok,
First League,Croatia,First_Football_League_(Croatia),First Football League (Croatia),2,2,ok,
"Division One League, Ghana",Ghana,"Division_One_League,_Ghana",Division One League,2,2,ok,
Kategoria Superiore,Albania,Kategoria_Superiore,Kategoria Superiore,1,1,ok,
Hellenic League,England,Hellenic_Football_League,Hellenic Football League,9,[[English football league system|Levels 9–10]] (Premier Division; Division One),ok,
Poly Tank Division One League,Ghana,Ghana_Football_Leagues#Division_One_League_.28Poly_Tank_Division_One_League.29,Ghana Football Leagues,2,2{{endash}}4,ok,
Ghana Division Two League,Ghana,Ghana_Football_Leagues#Division_Two_League,Ghana Football Leagues,2,2{{endash}}4,ok,
Liga Bantrab,Guatemala,Liga_Bantrab,Liga Bantrab,1,1,ok,
Liga Nacional,Honduras,Liga_Nacional_de_F%C3%BAtbol_Profesional_de_Honduras,Liga Nacional de Fútbol de Honduras,1,1,ok,
División Profesional,Bolivia,FBF_Divisi%C3%B3n_Profesional,FBF División Profesional,1,1,ok,
Liga Dominicana de Fútbol,Dominican Republic,Liga_Dominicana_de_F%C3%BAtbol,Liga Dominicana de Fútbol,1,1,ok,
Liga 3,Peru,Liga_3_(Peru),Liga 3 (Peru),3,3,ok,
