Player,Team,Position,DOB
Matěj Kovář,Czech Republic,Goalkeeper,2000-05-17
David Zima,Czech Republic,Defender,2000-11-08
Tomáš Holeš,Czech Republic,Centre-back,1993-03-31
Robin Hranáč,Czech Republic,Defender,2000-01-29
Vladimír Coufal,Czech Republic,Right-back,1992-08-22
Štěpán Chaloupek,Czech Republic,Centre-back,2003-03-08
Ladislav Krejčí,Czech Republic,Centre-back,1999-04-20
Vladimír Darida,Czech Republic,Midfielder,1990-08-08
Adam Hložek,Czech Republic,Winger,2002-07-25
Patrik Schick,Czech Republic,Striker,1996-01-24
Jan Kuchta,Czech Republic,Forward,1997-01-08
Lukáš Červ,Czech Republic,Central midfielder,2001-04-10
Mojmír Chytil,Czech Republic,Forward,1999-04-29
David Jurásek,Czech Republic,Left-back,2000-08-07
Pavel Šulc,Czech Republic,Attacking midfielder,2000-12-29
Jindřich Staněk,Czech Republic,Goalkeeper,1996-04-27
Lukáš Provod,Czech Republic,Left winger,1996-10-23
Michal Sadílek,Czech Republic,Midfielder,1999-05-31
Tomáš Chorý,Czech Republic,Forward,1995-01-26
Jaroslav Zelený,Czech Republic,Left-back,1992-08-20
David Douděra,Czech Republic,Right midfielder,1998-05-31
Tomáš Souček,Czech Republic,Midfielder,1995-02-27
Lukáš Horníček,Czech Republic,Goalkeeper,2002-07-13
Alexandr Sojka,Czech Republic,Midfielder,2003-04-02
Hugo Sochůrek,Czech Republic,Midfielder,2008-06-07
Denis Višinský,Czech Republic,Winger,2003-03-21
Raúl Rangel,Mexico,Goalkeeper,2000-02-25
Jorge Sánchez,Mexico,Right-back,1997-12-10
César Montes,Mexico,Centre-back,1997-02-24
Edson Álvarez,Mexico,Defensive midfielder,1997-10-24
Johan Vásquez,Mexico,Centre-back,1998-10-22
Érik Lira,Mexico,Defensive midfielder,2000-05-08
Luis Romo,Mexico,Defensive midfielder,1995-06-05
Álvaro Fidalgo,Mexico,Midfielder,1997-04-09
Raúl Jiménez,Mexico,Striker,1991-05-05
Alexis Vega,Mexico,Winger,1997-11-25
Santiago Giménez,Mexico,Striker,2001-04-18
Carlos Acevedo,Mexico,Goalkeeper,1996-04-19
Guillermo Ochoa,Mexico,Goalkeeper,1985-07-13
Armando González,Mexico,Forward,2003-04-20
Israel Reyes,Mexico,Centre-back,2000-05-23
Julián Quiñones,Mexico,Forward,1997-03-24
Orbelín Pineda,Mexico,Midfielder,1996-03-24
Obed Vargas,Mexico,Central midfielder,2005-08-05
Gilberto Mora,Mexico,Attacking midfielder,2008-10-14
Mateo Chávez,Mexico,Left-back,2004-05-12
César Huerta,Mexico,Winger,2000-12-03
Guillermo Martínez,Mexico,Forward,1995-03-15
Jesús Gallardo,Mexico,Left-back,1994-08-15
Luis Chávez,Mexico,Midfielder,1996-01-15
Roberto Alvarado,Mexico,Winger,1998-09-07
Brian Gutiérrez,Mexico,Attacking midfielder,2003-06-17
Ronwen Williams,South Africa,Goalkeeper,1992-01-21
Thabang Matuludi,South Africa,Defender,1999-01-14
Khulumani Ndamane,South Africa,Centre-back,2004-02-05
Teboho Mokoena,South Africa,Midfielder,1997-01-24
Thalente Mbatha,South Africa,Defensive midfielder,2000-03-06
Aubrey Modiba,South Africa,Left back,1995-07-22
Oswin Appollis,South Africa,Left winger,2001-08-25
Tshepang Moremi,South Africa,Winger,2000-10-02
Lyle Foster,South Africa,Forward,2000-09-03
Relebohile Mofokeng,South Africa,Attacking midfielder,2004-10-23
Themba Zwane,South Africa,Attacking midfielder,1989-08-03
Thapelo Maseko,South Africa,Winger,2003-11-11
Sphephelo Sithole,South Africa,Midfielder,1999-03-03
Mbekezeli Mbokazi,South Africa,Defender,2005-09-19
Iqraam Rayners,South Africa,Forward,1995-12-19
Sipho Chaine,South Africa,Goalkeeper,1996-12-14
Evidence Makgopa,South Africa,Forward,2000-06-05
Samukele Kabini,South Africa,Defender,2004-03-15
Nkosinathi Sibisi,South Africa,Defender,1995-09-22
Khuliso Mudau,South Africa,Right back,1995-04-26
Ime Okon,South Africa,Defender,2004-02-20
Ricardo Goss,South Africa,Goalkeeper,1994-04-02
Jayden Adams,South Africa,Midfielder,2001-05-05
Olwethu Makhanya,South Africa,Defender,2004-04-30
Kamogelo Sebelebele,South Africa,Midfielder,2002-07-21
Bradley Cross,South Africa,Left-back,2001-01-30
Kim Seung-gyu,South Korea,Goalkeeper,1990-09-30
Lee Han-beom,South Korea,Centre-back,2002-06-17
Lee Gi-hyuk,South Korea,Centre-back,2000-07-07
Kim Min-jae,South Korea,Centre-back,1996-11-15
Kim Tae-hyeon,South Korea,Centre-back,2000-09-17
Hwang In-beom,South Korea,Midfielder,1996-09-20
Son Heung-min,South Korea,Forward,1992-07-08
Paik Seung-ho,South Korea,Central midfielder,1997-03-17
Cho Gue-sung,South Korea,Striker,1998-01-25
Lee Jae-sung,South Korea,Attacking midfielder,1992-08-10
Hwang Hee-chan,South Korea,Forward,1996-01-26
Song Bum-keun,South Korea,Goalkeeper,1997-10-15
Lee Tae-seok,South Korea,Left back,2002-07-28
Cho Wi-je,South Korea,Centre-back,2001-08-25
Kim Moon-hwan,South Korea,Right-back,1995-08-01
Park Jin-seob,South Korea,Defensive midfielder,1995-10-23
Bae Jun-ho,South Korea,Attacking midfielder,2003-08-21
Oh Hyeon-gyu,South Korea,Forward,2001-04-12
Lee Kang-in,South Korea,Attacking midfielder,2001-02-19
Yang Hyun-jun,South Korea,Winger,2002-05-25
Jo Hyeon-woo,South Korea,Goalkeeper,1991-09-25
Seol Young-woo,South Korea,Full-back,1998-12-05
Jens Castrop,South Korea,Midfielder,2003-07-29
Kim Jin-gyu,South Korea,Midfielder,1997-02-24
Eom Ji-sung,South Korea,Winger,2002-05-09
Lee Dong-gyeong,South Korea,Attacking midfielder,1997-09-20
Nikola Vasilj,Bosnia and Herzegovina,Goalkeeper,1995-12-02
Nihad Mujakić,Bosnia and Herzegovina,Centre-back,1998-04-15
Dennis Hadžikadunić,Bosnia and Herzegovina,Centre-back,1998-07-09
Tarik Muharemović,Bosnia and Herzegovina,Centre-back,2003-02-28
Sead Kolašinac,Bosnia and Herzegovina,Centre-back,1993-06-20
Benjamin Tahirović,Bosnia and Herzegovina,Defensive midfielder,2003-03-03
Amar Dedić,Bosnia and Herzegovina,Right-back,2002-08-18
Armin Gigović,Bosnia and Herzegovina,Midfielder,2002-04-06
Samed Baždar,Bosnia and Herzegovina,Forward,2004-01-31
Ermedin Demirović,Bosnia and Herzegovina,Forward,1998-03-25
Edin Džeko,Bosnia and Herzegovina,Striker,1986-03-17
Mladen Jurkas,Bosnia and Herzegovina,Goalkeeper,2007-10-07
Ivan Bašić,Bosnia and Herzegovina,Midfielder,2002-04-30
Ivan Šunjić,Bosnia and Herzegovina,Defensive midfielder,1996-10-09
Amar Memić,Bosnia and Herzegovina,Winger,2001-01-20
Amir Hadžiahmetović,Bosnia and Herzegovina,Defensive midfielder,1997-03-08
Dženis Burnić,Bosnia and Herzegovina,Midfielder,1998-05-22
Nikola Katić,Bosnia and Herzegovina,Centre-back,1996-10-10
Kerim Alajbegović,Bosnia and Herzegovina,Winger,2007-09-21
Esmir Bajraktarević,Bosnia and Herzegovina,Winger,2005-03-10
Stjepan Radeljić,Bosnia and Herzegovina,Centre-back,1997-09-05
Martin Zlomislić,Bosnia and Herzegovina,Goalkeeper,1998-08-16
Haris Tabaković,Bosnia and Herzegovina,Forward,1994-06-20
Arjan Malić,Bosnia and Herzegovina,Right-back,2005-08-28
Jovo Lukić,Bosnia and Herzegovina,Forward,1998-11-28
Ermin Mahmić,Bosnia and Herzegovina,Attacking midfielder,2005-03-14
Dayne St. Clair,Canada,Goalkeeper,1997-05-09
Alistair Johnston,Canada,Right-back,1998-10-08
Alfie Jones,Canada,Defender,1997-10-07
Luc de Fougerolles,Canada,Defender,2005-10-12
Joel Waterman,Canada,Defender,1996-01-24
Mathieu Choinière,Canada,Midfielder,1999-02-07
Stephen Eustáquio,Canada,Midfielder,1996-12-21
Ismaël Koné,Canada,Midfielder,2002-06-16
Cyle Larin,Canada,Forward,1995-04-17
Jonathan David,Canada,Forward,2000-01-14
Liam Millar,Canada,Attacking midfielder,1999-09-27
Tani Oluwaseyi,Canada,Forward,2000-05-15
Derek Cornelius,Canada,Centre-back,1997-11-25
Jacob Shaffelburg,Canada,Winger,1999-11-26
Moïse Bombito,Canada,Centre-back,2000-03-30
Maxime Crépeau,Canada,Goalkeeper,1994-05-11
Tajon Buchanan,Canada,Full-back,1999-02-08
Owen Goodman,Canada,Goalkeeper,2003-11-27
Alphonso Davies,Canada,Left-back,2000-11-02
Ali Ahmed,Canada,Wide midfielder,2000-10-10
Jonathan Osorio,Canada,Midfielder,1992-06-12
Richie Laryea,Canada,Right-back,1995-01-07
Niko Sigur,Canada,Defensive midfielder,2003-09-09
Promise David,Canada,Striker,2001-07-03
Nathan Saliba,Canada,Midfielder,2004-02-07
Jayden Nelson,Canada,Winger,2002-09-26
Mahmud Abunada,Qatar,Goalkeeper,2000-02-05
Pedro Miguel,Qatar,Defender,1990-08-06
Lucas Mendes,Qatar,Left-back,1990-07-03
Issa Laye,Qatar,Center-back,1997-12-22
Jassem Gaber,Qatar,Centre-back,2002-02-20
Abdulaziz Hatem,Qatar,Midfielder,1990-01-01
Ahmed Alaaeldin,Qatar,Forward,1993-01-31
Edmilson Junior,Qatar,Winger,1994-08-19
Mohammed Muntari,Qatar,Striker,1993-12-20
Hassan Al-Haydos,Qatar,Forward,1990-12-11
Akram Afif,Qatar,Left winger,1996-11-18
Karim Boudiaf,Qatar,Defender,1990-09-16
Ayoub Al-Oui,Qatar,Right-back,2005-03-11
Homam Ahmed,Qatar,Left back,1999-08-25
Yusuf Abdurisag,Qatar,Winger,1999-08-06
Boualem Khoukhi,Qatar,Defender,1990-07-09
Ahmed Al-Ganehi,Qatar,Winger,2000-09-22
Sultan Al-Brake,Qatar,Left-back,1996-04-07
Almoez Ali,Qatar,Striker,1996-08-19
Ahmed Fathy,Qatar,Midfielder,1993-01-25
Salah Zakaria,Qatar,Goalkeeper,1999-04-24
Meshaal Barsham,Qatar,Goalkeeper,1998-02-14
Assim Madibo,Qatar,Midfielder,1996-10-22
Tahsin Jamshid,Qatar,Winger,2006-06-16
Al-Hashmi Al-Hussain,Qatar,Defender,2003-08-15
Mohamed Manai,Qatar,Defensive midfielder,2002-10-25
Gregor Kobel,Switzerland,Goalkeeper,1997-12-06
Miro Muheim,Switzerland,Midfielder,1998-03-24
Silvan Widmer,Switzerland,Right-back,1993-03-05
Nico Elvedi,Switzerland,Centre-back,1996-09-30
Manuel Akanji,Switzerland,Defender,1995-07-19
Denis Zakaria,Switzerland,Defensive midfielder,1996-11-20
Breel Embolo,Switzerland,Forward,1997-02-14
Remo Freuler,Switzerland,Midfielder,1992-04-15
Johan Manzambi,Switzerland,Midfielder,2005-10-14
Granit Xhaka,Switzerland,Defensive midfielder,1992-09-27
Dan Ndoye,Switzerland,Winger,2000-10-25
Yvon Mvogo,Switzerland,Goalkeeper,1994-06-06
Ricardo Rodriguez,Switzerland,Left-back,1992-08-25
Ardon Jashari,Switzerland,Central midfielder,2002-07-30
Djibril Sow,Switzerland,Defensive midfielder,1997-02-06
Christian Fassnacht,Switzerland,Right winger,1993-11-11
Rubén Vargas,Switzerland,Winger,1998-08-05
Eray Cömert,Switzerland,Centre-back,1998-02-04
Noah Okafor,Switzerland,Forward,2000-05-24
Michel Aebischer,Switzerland,Defensive midfielder,1997-01-06
Marvin Keller,Switzerland,Goalkeeper,2002-07-03
Fabian Rieder,Switzerland,Attacking midfielder,2002-02-16
Zeki Amdouni,Switzerland,Attacking midfielder,2000-12-04
Aurèle Amenda,Switzerland,Centre-back,2003-07-31
Luca Jaquez,Switzerland,Centre-back,2003-06-02
Cedric Itten,Switzerland,Centre forward,1996-12-27
Alisson,Brazil,Goalkeeper,1992-10-02
Éderson Silva,Brazil,Midfielder,1999-07-07
Gabriel Magalhães,Brazil,Centre-back,1997-12-19
Marquinhos,Brazil,Centre-back,1994-05-14
Casemiro,Brazil,Defensive midfielder,1992-02-23
Alex Sandro,Brazil,Left-back,1991-01-26
Vinícius Júnior,Brazil,Forward,2000-07-12
Bruno Guimarães,Brazil,Central midfielder,1997-11-16
Matheus Cunha,Brazil,Forward,1999-05-27
Neymar,Brazil,Attacking midfielder,1992-02-05
Raphinha,Brazil,Winger,1996-12-14
Weverton,Brazil,Goalkeeper,1987-12-13
Danilo Luiz,Brazil,Centre-back,1991-07-15
Bremer,Brazil,Centre-back,1997-03-18
Léo Pereira,Brazil,Centre back,1996-01-31
Douglas Santos,Brazil,Left-back,1994-03-22
Fabinho,Brazil,Defensive midfielder,1993-10-23
Danilo Santos,Brazil,Midfielder,2001-04-29
Endrick,Brazil,Striker,2006-07-21
Lucas Paquetá,Brazil,Attacking midfielder,1997-08-27
Luiz Henrique,Brazil,Right winger,2001-01-02
Gabriel Martinelli,Brazil,Forward,2001-06-18
Ederson Moraes,Brazil,Goalkeeper,1993-08-17
Roger Ibañez,Brazil,Centre-back,1998-11-23
Igor Thiago,Brazil,Striker,2001-06-26
Rayan,Brazil,Right winger,2006-08-03
Johny Placide,Haiti,Goalkeeper,1988-01-29
Carlens Arcus,Haiti,Right-back,1996-06-28
Keeto Thermoncy,Haiti,Centre-back,2006-03-29
Ricardo Adé,Haiti,Defender,1990-05-21
Hannes Delcroix,Haiti,Centre-back,1999-02-28
Carl Sainté,Haiti,Midfielder,2002-08-09
Derrick Etienne Jr.,Haiti,Winger,1996-11-25
Martin Expérience,Haiti,Left-back,1999-03-09
Duckens Nazon,Haiti,Striker,1994-04-07
Jean-Ricner Bellegarde,Haiti,Midfielder,1998-06-27
Louicius Deedson,Haiti,Right winger,2001-02-11
Alexandre Pierre,Haiti,Goalkeeper,2001-02-25
Duke Lacroix,Haiti,Full back,1993-10-14
Garven Metusala,Haiti,Centre-back,1999-12-31
Ruben Providence,Haiti,Winger,2001-07-07
Lenny Joseph,Haiti,Forward,2000-10-12
Danley Jean Jacques,Haiti,Midfielder,2000-05-20
Wilson Isidor,Haiti,Striker,2000-08-27
Yassin Fortuné,Haiti,Attacking midfielder,1999-01-30
Frantzdy Pierrot,Haiti,Forward,1995-03-29
Josué Casimir,Haiti,Right-back,2001-09-24
Jean-Kévin Duverne,Haiti,Right-back,1997-07-12
Josué Duverger,Haiti,Goalkeeper,2000-04-27
Wilguens Paugain,Haiti,Right-back,2001-08-24
Dominique Simon,Haiti,Defensive midfielder,2000-07-29
Woodensky Pierre,Haiti,Defensive midfielder,2004-12-30
Yassine Bounou,Morocco,Goalkeeper,1991-04-05
Achraf Hakimi,Morocco,Right-back,1998-11-04
Noussair Mazraoui,Morocco,Defender,1997-11-14
Sofyan Amrabat,Morocco,Defensive midfielder,1996-08-21
Marwane Saâdane,Morocco,Centre-back,1992-01-17
Ayyoub Bouaddi,Morocco,Midfielder,2007-10-02
Chemsdine Talbi,Morocco,Winger,2005-05-09
Azzedine Ounahi,Morocco,Midfielder,2000-04-19
Soufiane Rahimi,Morocco,Forward,1996-06-02
Brahim Díaz,Morocco,Attacking midfielder,1999-08-03
Ismael Saibari,Morocco,Attacking midfielder,2001-01-28
Munir Mohamedi,Morocco,Goalkeeper,1989-05-10
Zakaria El Ouahdi,Morocco,Right winger,2001-12-31
Issa Diop,Morocco,Centre-back,1997-01-09
Samir El Mourabet,Morocco,Midfielder,2005-10-06
Gessime Yassine,Morocco,Winger,2005-11-22
Amine Sbaï,Morocco,Winger,2000-11-05
Chadi Riad,Morocco,Centre-back,2003-06-17
Youssef Belammari,Morocco,Left-back,1998-09-20
Ayoub El Kaabi,Morocco,Striker,1993-06-25
Ayoube Amaimouni,Morocco,Winger,2004-11-30
Ahmed Reda Tagnaouti,Morocco,Goalkeeper,1996-04-05
Bilal El Khannouss,Morocco,Attacking midfielder,2004-05-10
Neil El Aynaoui,Morocco,Midfielder,2001-07-02
Redouane Halhal,Morocco,Centre-back,2003-03-05
Anass Salah-Eddine,Morocco,Left-back,2002-01-18
Angus Gunn,Scotland,Goalkeeper,1996-01-22
Aaron Hickey,Scotland,Full-back,2002-06-10
Andy Robertson,Scotland,Left-back,1994-03-11
Scott McTominay,Scotland,Midfielder,1996-12-08
Grant Hanley,Scotland,Centre-back,1991-11-20
Kieran Tierney,Scotland,Left-back,1997-06-05
John McGinn,Scotland,Midfielder,1994-10-18
Tyler Fletcher,Scotland,Midfielder,2007-03-19
Lyndon Dykes,Scotland,Striker,1995-10-07
Ché Adams,Scotland,Forward,1996-07-13
Ryan Christie,Scotland,Attacking midfielder,1995-02-22
Liam Kelly,Scotland,Goalkeeper,1996-01-23
Jack Hendry,Scotland,Centre-back,1995-05-07
Ross Stewart,Scotland,Forward,1996-07-11
John Souttar,Scotland,Centre-back,1996-09-25
Dominic Hyam,Scotland,Centre back,1995-12-20
Ben Gannon-Doak,Scotland,Right winger,2005-11-11
George Hirst,Scotland,Forward,1999-02-15
Lewis Ferguson,Scotland,Attacking midfielder,1999-08-24
Lawrence Shankland,Scotland,Striker,1995-08-10
Craig Gordon,Scotland,Goalkeeper,1982-12-31
Nathan Patterson,Scotland,Right-back,2001-10-16
Kenny McLean,Scotland,Central midfielder,1992-01-08
Anthony Ralston,Scotland,Right-back,1998-11-16
Findlay Curtis,Scotland,Midfielder,2006-06-09
Scott McKenna,Scotland,Centre-back,1996-11-12
Mathew Ryan,Australia,Goalkeeper,1992-04-08
Miloš Degenek,Australia,Centre-back,1994-04-28
Alessandro Circati,Australia,Central defender,2003-10-10
Jacob Italiano,Australia,Right back,2001-07-30
Jordan Bos,Australia,Left back,2002-10-29
Jason Geria,Australia,Right back,1993-05-10
Mathew Leckie,Australia,Forward,1991-02-04
Connor Metcalfe,Australia,Central midfielder,1999-11-05
Mohamed Touré,Australia,Striker,2004-03-26
Ajdin Hrustic,Australia,Midfielder,1996-07-05
Awer Mabil,Australia,Winger,1995-09-15
Paul Izzo,Australia,Goalkeeper,1995-01-06
Aiden O'Neill,Australia,Defensive midfielder,1998-07-04
Cammy Devlin,Australia,Defensive midfielder,1998-06-07
Kai Trewin,Australia,Central defender,2001-05-18
Aziz Behich,Australia,Left back,1990-12-16
Nestory Irankunda,Australia,Winger,2006-02-09
Patrick Beach,Australia,Goalkeeper,2003-08-06
Harry Souttar,Australia,Centre-back,1998-10-22
Cristian Volpato,Australia,Attacking midfielder,2003-11-15
Cameron Burgess,Australia,Centre-back,1995-10-21
Jackson Irvine,Australia,Central midfielder,1993-03-07
Nishan Velupillay,Australia,Winger,2001-05-07
Paul Okon-Engstler,Australia,Defensive midfielder,2005-01-24
Lucas Herrington,Australia,Central defender,2007-09-05
Tete Yengi,Australia,Striker,2000-11-28
Gatito Fernández,Paraguay,Goalkeeper,1988-03-29
Gustavo Velázquez,Paraguay,Centre-back,1991-04-17
Omar Alderete,Paraguay,Centre-back,1996-12-26
Juan José Cáceres,Paraguay,Right-back,2000-06-01
Fabián Balbuena,Paraguay,Centre-back,1991-08-23
Júnior Alonso,Paraguay,Defender,1993-02-09
Ramón Sosa,Paraguay,Winger,1999-08-31
Diego Gómez,Paraguay,Midfielder,2003-03-27
Antonio Sanabria,Paraguay,Forward,1996-03-04
Miguel Almirón,Paraguay,Attacking midfielder,1994-02-10
Maurício,Paraguay,Attacking midfielder,2001-06-22
Orlando Gill,Paraguay,Goalkeeper,2000-06-11
José Canale,Paraguay,Centre-back,1996-07-20
Andrés Cubas,Paraguay,Midfielder,1996-05-11
Gustavo Gómez,Paraguay,Centre-back,1993-05-06
Damián Bobadilla,Paraguay,Midfielder,2001-07-11
Kaku,Paraguay,Attacking midfielder,1995-01-11
Álex Arce,Paraguay,Striker,1995-06-16
Julio Enciso,Paraguay,Attacking midfielder,2004-01-23
Braian Ojeda,Paraguay,Central midfielder,2000-06-27
Gabriel Ávalos,Paraguay,Striker,1991-07-09
Gastón Olveira,Paraguay,Goalkeeper,1993-04-21
Matías Galarza,Paraguay,Midfielder,2002-02-11
Gustavo Caballero,Paraguay,Winger,2001-09-21
Isidro Pitta,Paraguay,Forward,1999-08-14
Alexandro Maidana,Paraguay,Left-back,2005-07-26
Mert Günok,Turkey,Goalkeeper,1989-03-01
Zeki Çelik,Turkey,Right-back,1997-02-17
Merih Demiral,Turkey,Centre-back,1998-03-05
Çağlar Söyüncü,Turkey,Centre-back,1996-05-23
Salih Özcan,Turkey,Defensive midfielder,1998-01-11
Orkun Kökçü,Turkey,Midfielder,2000-12-29
Kerem Aktürkoğlu,Turkey,Winger,1998-10-21
Arda Güler,Turkey,Attacking midfielder,2005-02-25
Deniz Gül,Turkey,Forward,2004-07-02
Hakan Çalhanoğlu,Turkey,Midfielder,1994-02-08
Kenan Yıldız,Turkey,Attacking midfielder,2005-05-04
Altay Bayındır,Turkey,Goalkeeper,1998-04-14
Eren Elmalı,Turkey,Left-back,2000-07-07
Abdülkerim Bardakcı,Turkey,Centre-back,1994-09-07
Ozan Kabak,Turkey,Centre-back,2000-03-25
İsmail Yüksek,Turkey,Midfielder,1999-01-26
İrfan Can Kahveci,Turkey,Attacking midfielder,1995-07-15
Mert Müldür,Turkey,Full-back,1999-04-03
Yunus Akgün,Turkey,Attacking midfielder,2000-07-07
Ferdi Kadıoğlu,Turkey,Full back,1999-10-07
Barış Alper Yılmaz,Turkey,Winger,2000-05-23
Kaan Ayhan,Turkey,Defender,1994-11-10
Uğurcan Çakır,Turkey,Goalkeeper,1996-04-05
Oğuz Aydın,Turkey,Winger,2000-10-27
Samet Akaydin,Turkey,Centre-back,1994-03-13
Can Uzun,Turkey,Attacking midfielder,2005-11-11
Matt Turner,United States,Goalkeeper,1994-06-24
Sergiño Dest,United States,Full-back,2000-11-03
Chris Richards,United States,Center-back,2000-03-28
Tyler Adams,United States,Defensive midfielder,1999-02-14
Antonee Robinson,United States,Left-back,1997-08-08
Auston Trusty,United States,Defender,1998-08-12
Giovanni Reyna,United States,Attacking midfielder,2002-11-13
Weston McKennie,United States,Midfielder,1998-08-28
Ricardo Pepi,United States,Striker,2003-01-09
Christian Pulisic,United States,Winger,1998-09-18
Brenden Aaronson,United States,Attacking midfielder,2000-10-22
Miles Robinson,United States,Center-back,1997-03-14
Tim Ream,United States,Center-back,1987-10-05
Sebastian Berhalter,United States,Midfielder,2001-05-10
Cristian Roldan,United States,Midfielder,1995-06-03
Alex Freeman,United States,Right-back,2004-08-09
Malik Tillman,United States,Attacking midfielder,2002-05-28
Max Arfsten,United States,Winger,2001-04-19
Haji Wright,United States,Forward,1998-03-27
Folarin Balogun,United States,Striker,2001-07-03
Timothy Weah,United States,Winger,2000-02-22
Mark McKenzie,United States,Center-back,1999-02-25
Joe Scally,United States,Full-back,2002-12-31
Matt Freese,United States,Goalkeeper,1998-09-02
Chris Brady,United States,Goalkeeper,2004-03-03
Alejandro Zendejas,United States,Winger,1998-02-07
Eloy Room,Curaçao,Goalkeeper,1989-02-06
Shurandy Sambo,Curaçao,Right back,2001-08-19
Juriën Gaari,Curaçao,Centre-back,1993-12-23
Roshon van Eijma,Curaçao,Centre-back,1998-06-09
Sherel Floranus,Curaçao,Right back,1998-08-23
Godfried Roemeratoe,Curaçao,Defensive midfielder,1999-08-19
Juninho Bacuna,Curaçao,Central midfielder,1997-08-07
Livano Comenencia,Curaçao,Right-back,2004-02-03
Jürgen Locadia,Curaçao,Striker,1993-11-07
Leandro Bacuna,Curaçao,Midfielder,1991-08-21
Jeremy Antonisse,Curaçao,Left winger,2002-03-29
Sontje Hansen,Curaçao,Winger,2002-05-18
Tyrese Noslin,Curaçao,Right-back,2002-09-11
Kenji Gorré,Curaçao,Winger,1994-09-29
Ar'jany Martha,Curaçao,Winger,2003-09-04
Jearl Margaritha,Curaçao,Forward,2000-04-10
Brandley Kuwas,Curaçao,Winger,1992-09-19
Armando Obispo,Curaçao,Centre-back,1999-03-05
Gervane Kastaneer,Curaçao,Forward,1996-06-09
Joshua Brenet,Curaçao,Full-back,1994-03-20
Tahith Chong,Curaçao,Wide midfielder,1999-12-04
Kevin Felida,Curaçao,Defensive midfielder,1999-11-11
Riechedly Bazoer,Curaçao,Centre-back,1996-10-12
Deveron Fonville,Curaçao,Left-back,2003-05-16
Tyrick Bodak,Curaçao,Goalkeeper,2002-05-15
Trevor Doornbusch,Curaçao,Goalkeeper,1999-07-06
Hernán Galíndez,Ecuador,Goalkeeper,1987-03-30
Félix Torres,Ecuador,Centre-back,1997-01-11
Piero Hincapié,Ecuador,Centre-back,2002-01-09
Joel Ordóñez,Ecuador,Centre-back,2004-04-21
Jordy Alcívar,Ecuador,Midfielder,1999-08-05
Willian Pacho,Ecuador,Centre-back,2001-10-16
Pervis Estupiñán,Ecuador,Left-back,1998-01-21
Anthony Valencia,Ecuador,Midfielder,2003-07-21
John Yeboah,Ecuador,Winger,2000-06-23
Kendry Páez,Ecuador,Attacking midfielder,2007-05-04
Kevin Rodríguez,Ecuador,Forward,2000-03-04
Moisés Ramírez,Ecuador,Goalkeeper,2000-09-09
Enner Valencia,Ecuador,Forward,1989-11-04
Alan Minda,Ecuador,Winger,2003-05-14
Pedro Vite,Ecuador,Attacking midfielder,2002-03-09
Jordy Caicedo,Ecuador,Striker,1997-11-18
Ángelo Preciado,Ecuador,Right-back,1998-02-18
Denil Castillo,Ecuador,Midfielder,2004-03-24
Gonzalo Plata,Ecuador,Right winger,2000-11-01
Nilson Angulo,Ecuador,Winger,2003-06-19
Alan Franco,Ecuador,Midfielder,1998-08-21
Gonzalo Valle,Ecuador,Goalkeeper,1996-02-28
Moisés Caicedo,Ecuador,Central midfielder,2001-11-02
Jeremy Arévalo,Ecuador,Forward,2005-03-19
Jackson Porozo,Ecuador,Centre-back,2000-08-04
Yaimar Medina,Ecuador,Midfielder,2004-11-05
Manuel Neuer,Germany,Goalkeeper,1986-03-27
Antonio Rüdiger,Germany,Centre-back,1993-03-03
Waldemar Anton,Germany,Centre-back,1996-07-20
Jonathan Tah,Germany,Centre-back,1996-02-11
Aleksandar Pavlović,Germany,Defensive midfielder,2004-05-03
Joshua Kimmich,Germany,Defensive midfielder,1995-02-08
Kai Havertz,Germany,Forward,1999-06-11
Leon Goretzka,Germany,Midfielder,1995-02-06
Jamie Leweling,Germany,Attacking midfielder,2001-02-26
Jamal Musiala,Germany,Attacking midfielder,2003-02-26
Nick Woltemade,Germany,Forward,2002-02-14
Oliver Baumann,Germany,Goalkeeper,1990-06-02
Pascal Groß,Germany,Midfielder,1991-06-15
Maximilian Beier,Germany,Forward,2002-10-17
Nico Schlotterbeck,Germany,Centre-back,1999-12-01
Angelo Stiller,Germany,Defensive midfielder,2001-04-04
Florian Wirtz,Germany,Attacking midfielder,2003-05-03
Nathaniel Brown,Germany,Left-back,2003-06-16
Leroy Sané,Germany,Winger,1996-01-11
Nadiem Amiri,Germany,Attacking midfielder,1996-10-27
Alexander Nübel,Germany,Goalkeeper,1996-09-30
David Raum,Germany,Left midfielder,1998-04-22
Felix Nmecha,Germany,Midfielder,2000-10-10
Malick Thiaw,Germany,Defender,2001-08-08
Assan Ouédraogo,Germany,Midfielder,2006-05-09
Deniz Undav,Germany,Forward,1996-07-19
Yahia Fofana,Ivory Coast,Goalkeeper,2000-08-21
Ousmane Diomande,Ivory Coast,Centre-back,2003-12-04
Ghislain Konan,Ivory Coast,Left-back,1995-12-27
Jean Michaël Seri,Ivory Coast,Central midfielder,1991-07-19
Wilfried Singo,Ivory Coast,Defender,2000-12-25
Seko Fofana,Ivory Coast,Midfielder,1995-05-07
Odilon Kossounou,Ivory Coast,Centre-back,2001-01-04
Franck Kessié,Ivory Coast,Central midfielder,1996-12-19
Ange-Yoan Bonny,Ivory Coast,Forward,2003-10-25
Simon Adingra,Ivory Coast,Winger,2002-01-01
Yan Diomande,Ivory Coast,Winger,2006-11-14
Elye Wahi,Ivory Coast,Forward,2003-01-02
Christopher Opéri,Ivory Coast,Left-back,1997-04-29
Oumar Diakité,Ivory Coast,Forward,2003-12-20
Amad Diallo,Ivory Coast,Winger,2002-07-11
Mohamed Koné,Ivory Coast,Goalkeeper,2002-03-07
Guéla Doué,Ivory Coast,Right-back,2002-10-17
Ibrahim Sangaré,Ivory Coast,Defensive midfielder,1997-12-02
Nicolas Pépé,Ivory Coast,Right winger,1995-05-29
Emmanuel Agbadou,Ivory Coast,Centre-back,1997-06-17
Evan Ndicka,Ivory Coast,Centre-back,1999-08-20
Evann Guessand,Ivory Coast,Forward,2001-07-01
Alban Lafont,Ivory Coast,Goalkeeper,1999-01-23
Bazoumana Touré,Ivory Coast,Left midfielder,2006-03-02
Parfait Guiagon,Ivory Coast,Midfielder,2001-02-22
Christ Inao Oulaï,Ivory Coast,Midfielder,2006-04-06
Zion Suzuki,Japan,Goalkeeper,2002-08-21
Yukinari Sugawara,Japan,Right-back,2000-06-28
Shōgo Taniguchi,Japan,Centre-back,1991-07-15
Kō Itakura,Japan,Centre-back,1997-01-27
Yūto Nagatomo,Japan,Full back,1986-09-12
Shūto Machino,Japan,Striker,1999-09-30
Ao Tanaka,Japan,Central midfielder,1998-09-10
Takefusa Kubo,Japan,Right winger,2001-06-04
Keisuke Gotō,Japan,Forward,2005-06-03
Ritsu Dōan,Japan,Right winger,1998-06-16
Daizen Maeda,Japan,Forward,1997-10-20
Keisuke Ōsako,Japan,Goalkeeper,1999-07-28
Keito Nakamura,Japan,Left winger,2000-07-28
Junya Itō,Japan,Winger,1993-03-09
Daichi Kamada,Japan,Central midfielder,1996-08-05
Tsuyoshi Watanabe,Japan,Centre-back,1997-02-05
Yuito Suzuki,Japan,Attacking midfielder,2001-10-25
Ayase Ueda,Japan,Striker,1998-08-28
Kōki Ogawa,Japan,Forward,1997-08-08
Ayumu Seko,Japan,Centre back,2000-06-07
Hiroki Itō,Japan,Centre-back,1999-05-12
Takehiro Tomiyasu,Japan,Defender,1998-11-05
Tomoki Hayakawa,Japan,Goalkeeper,1999-03-03
Kaishū Sano,Japan,Defensive midfielder,2000-12-30
Junnosuke Suzuki,Japan,Centre-back,2003-07-12
Kento Shiogai,Japan,Forward,2005-03-26
Bart Verbruggen,Netherlands,Goalkeeper,2002-08-18
Lutsharel Geertruida,Netherlands,Right-back,2000-07-18
Marten de Roon,Netherlands,Defensive midfielder,1991-03-29
Virgil van Dijk,Netherlands,Centre-back,1991-07-08
Nathan Aké,Netherlands,Centre-back,1995-02-18
Jan Paul van Hecke,Netherlands,Centre-back,2000-06-08
Justin Kluivert,Netherlands,Attacking midfielder,1999-05-05
Ryan Gravenberch,Netherlands,Defensive midfielder,2002-05-16
Wout Weghorst,Netherlands,Striker,1992-08-07
Memphis Depay,Netherlands,Forward,1994-02-13
Cody Gakpo,Netherlands,Left winger,1999-05-07
Mats Wieffer,Netherlands,Right-back,1999-11-16
Robin Roefs,Netherlands,Goalkeeper,2003-01-17
Tijjani Reijnders,Netherlands,Midfielder,1998-07-29
Micky van de Ven,Netherlands,Centre-back,2001-04-19
Guus Til,Netherlands,Attacking midfielder,1997-12-22
Noa Lang,Netherlands,Left winger,1999-06-17
Donyell Malen,Netherlands,Winger,1999-01-19
Brian Brobbey,Netherlands,Striker,2002-02-01
Teun Koopmeiners,Netherlands,Midfielder,1998-02-28
Frenkie de Jong,Netherlands,Midfielder,1997-05-12
Denzel Dumfries,Netherlands,Right-back,1996-04-18
Mark Flekken,Netherlands,Goalkeeper,1993-06-13
Crysencio Summerville,Netherlands,Winger,2001-10-30
Jorrel Hato,Netherlands,Centre-back,2006-03-07
Quinten Timber,Netherlands,Midfielder,2001-06-17
Jacob Widell Zetterström,Sweden,Goalkeeper,1998-07-11
Gustaf Lagerbielke,Sweden,Centre-back,2000-04-10
Victor Lindelöf,Sweden,Centre-back,1994-07-17
Isak Hien,Sweden,Centre-back,1999-01-13
Gabriel Gudmundsson,Sweden,Left back,1999-04-29
Herman Johansson,Sweden,Right-back,1997-10-16
Lucas Bergvall,Sweden,Midfielder,2006-02-02
Daniel Svensson,Sweden,Central midfielder,2002-02-12
Alexander Isak,Sweden,Striker,1999-09-21
Benjamin Nygren,Sweden,Winger,2001-07-08
Anthony Elanga,Sweden,Forward,2002-04-27
Viktor Johansson,Sweden,Goalkeeper,1998-09-14
Ken Sema,Sweden,Midfielder,1993-09-30
Hjalmar Ekdal,Sweden,Centre-back,1998-10-21
Carl Starfelt,Sweden,Centre-back,1995-06-01
Jesper Karlström,Sweden,Midfielder,1995-06-21
Viktor Gyökeres,Sweden,Striker,1998-06-04
Yasin Ayari,Sweden,Midfielder,2003-10-06
Mattias Svanberg,Sweden,Midfielder,1999-01-05
Eric Smith,Sweden,Centre-back,1997-01-08
Alexander Bernhardsson,Sweden,Forward,1998-09-08
Besfort Zeneli,Sweden,Midfielder,2002-11-21
Kristoffer Nordfeldt,Sweden,Goalkeeper,1989-06-23
Elliot Stroud,Sweden,Left-back,2002-06-22
Gustaf Nilsson,Sweden,Forward,1997-05-23
Taha Ali,Sweden,Winger,1998-07-01
Mouhib Chamakh,Tunisia,Goalkeeper,2001-08-25
Ali Abdi,Tunisia,Left-back,1993-12-20
Montassar Talbi,Tunisia,Centre-back,1998-05-26
Omar Rekik,Tunisia,Centre-back,2001-12-20
Adem Arous,Tunisia,Centre-back,2004-07-17
Dylan Bronn,Tunisia,Defender,1995-06-19
Elias Achouri,Tunisia,Midfielder,1999-02-10
Elias Saad,Tunisia,Left winger,1999-12-27
Hazem Mastouri,Tunisia,Striker,1997-06-18
Hannibal Mejbri,Tunisia,Midfielder,2003-01-21
Ismaël Gharbi,Tunisia,Midfielder,2004-04-10
Mortadha Ben Ouanes,Tunisia,Left-back,1994-07-02
Rani Khedira,Tunisia,Defensive midfielder,1994-01-27
Khalil Ayari,Tunisia,Winger,2005-02-02
Hadj Mahmoud,Tunisia,Defensive midfielder,2000-04-24
Aymen Dahmen,Tunisia,Goalkeeper,1997-01-28
Ellyes Skhiri,Tunisia,Defensive midfielder,1995-05-10
Rayan Elloumi,Tunisia,Forward,2007-09-17
Firas Chaouat,Tunisia,Striker,1996-05-08
Yan Valery,Tunisia,Right-back,1999-02-22
Mohamed Amine Ben Hamida,Tunisia,Left back,1995-12-15
Sabri Ben Hessen,Tunisia,Goalkeeper,1996-06-13
Moutaz Neffati,Tunisia,Right-back,2004-09-04
Raed Chikhaoui,Tunisia,Center-back,2004-06-09
Anis Ben Slimane,Tunisia,Midfielder,2001-03-16
Sebastian Tounekti,Tunisia,Winger,2002-07-13
Thibaut Courtois,Belgium,Goalkeeper,1992-05-11
Zeno Debast,Belgium,Centre-back,2003-10-24
Arthur Theate,Belgium,Centre-back,2000-05-25
Brandon Mechele,Belgium,Centre-back,1993-01-28
Maxim De Cuyper,Belgium,Full-back,2000-12-22
Axel Witsel,Belgium,Defensive midfielder,1989-01-12
Kevin De Bruyne,Belgium,Midfielder,1991-06-28
Youri Tielemans,Belgium,Midfielder,1997-05-07
Romelu Lukaku,Belgium,Striker,1993-05-13
Leandro Trossard,Belgium,Winger,1994-12-04
Jérémy Doku,Belgium,Winger,2002-05-27
Senne Lammens,Belgium,Goalkeeper,2002-07-07
Mike Penders,Belgium,Goalkeeper,2005-07-31
Dodi Lukébakio,Belgium,Right winger,1997-09-24
Thomas Meunier,Belgium,Right-back,1991-09-12
Koni De Winter,Belgium,Centre-back,2002-06-12
Charles De Ketelaere,Belgium,Attacking midfielder,2001-03-10
Joaquin Seys,Belgium,Left-back,2005-03-28
Diego Moreira,Belgium,Left-back,2004-08-06
Hans Vanaken,Belgium,Attacking midfielder,1992-08-24
Timothy Castagne,Belgium,Full back,1995-12-05
Alexis Saelemaekers,Belgium,Winger,1999-06-27
Nicolas Raskin,Belgium,Midfielder,2001-02-23
Amadou Onana,Belgium,Defensive midfielder,2001-08-16
Nathan Ngoy,Belgium,Defender,2003-06-10
Matias Fernandez-Pardo,Belgium,Wide midfielder,2005-02-03
Mohamed El Shenawy,Egypt,Goalkeeper,1988-12-18
Yasser Ibrahim,Egypt,Centre-back,1993-02-10
Mohamed Hany,Egypt,Right-back,1996-02-02
Hossam Abdelmaguid,Egypt,Centre-back,2001-04-30
Ramy Rabia,Egypt,Centre-back,1993-05-20
Mohamed Abdelmonem,Egypt,Centre-back,1999-02-01
Trézéguet,Egypt,Left winger,1994-10-01
Emam Ashour,Egypt,Midfielder,1998-02-20
Hamza Abdelkarim,Egypt,Striker,2008-01-01
Mohamed Salah,Egypt,Right winger,1992-06-15
Mostafa Ziko,Egypt,Left winger,1997-04-27
Haissem Hassan,Egypt,Forward,2002-02-08
Ahmed Fatouh,Egypt,Left-back,1998-03-22
Hamdy Fathy,Egypt,Defensive midfielder,1994-09-29
Karim Hafez,Egypt,Left back,1996-03-12
El Mahdy Soliman,Egypt,Goalkeeper,1987-06-08
Mohanad Lasheen,Egypt,Defensive midfielder,1996-05-29
Nabil Emad,Egypt,Defensive midfielder,1996-04-06
Marwan Attia,Egypt,Midfielder,1998-08-01
Ibrahim Adel,Egypt,Left winger,2001-04-23
Mahmoud Saber,Egypt,Central midfielder,2001-07-30
Omar Marmoush,Egypt,Striker,1999-02-07
Mostafa Shobeir,Egypt,Goalkeeper,2000-05-15
Tarek Alaa,Egypt,Right-back,2002-01-05
Zizo,Egypt,Winger,1996-01-10
Mohamed Alaa,Egypt,Goalkeeper,1999-01-01
Alireza Beiranvand,Iran,Goalkeeper,1992-09-21
Saleh Hardani,Iran,Right-back,1998-12-26
Ehsan Hajsafi,Iran,Left-back,1990-02-25
Shojae Khalilzadeh,Iran,Centre-back,1989-05-14
Milad Mohammadi,Iran,Left-back,1993-09-29
Saeid Ezatolahi,Iran,Defensive midfielder,1996-10-01
Alireza Jahanbakhsh,Iran,Winger,1993-08-11
Mohammad Mohebi,Iran,Midfielder,1998-12-20
Mehdi Taremi,Iran,Striker,1992-07-18
Mehdi Ghayedi,Iran,Winger,1998-12-05
Ali Alipour,Iran,Forward,1995-11-11
Payam Niazmand,Iran,Goalkeeper,1995-04-06
Hossein Kanaanizadegan,Iran,Centre back,1994-03-23
Saman Ghoddos,Iran,Attacking midfielder,1993-09-06
Rouzbeh Cheshmi,Iran,Defensive midfielder,1993-07-24
Mahdi Torabi,Iran,Winger,1994-09-10
Arya Yousefi,Iran,Right-back,2002-04-22
Amirhossein Hosseinzadeh,Iran,Winger,2000-10-30
Ali Nemati,Iran,Centre-back,1996-02-08
Shahriyar Moghanlou,Iran,Centre-forward,1994-12-21
Mohammad Ghorbani,Iran,Defensive midfielder,2001-10-07
Hossein Hosseini,Iran,Goalkeeper,1992-06-30
Ramin Rezaeian,Iran,Right back,1990-03-21
Dennis Eckert,Iran,Forward,1997-01-09
Danial Eiri,Iran,Defender,2003-10-26
Amirmohammad Razzaghinia,Iran,Midfielder,2006-04-11
Max Crocombe,New Zealand,Goalkeeper,1993-08-12
Tim Payne,New Zealand,Midfielder,1994-01-10
Francis de Vries,New Zealand,Defender,1994-11-28
Tyler Bindon,New Zealand,Centre-back,2005-01-27
Michael Boxall,New Zealand,Defender,1988-08-18
Joe Bell,New Zealand,Defensive midfielder,1999-04-27
Logan Rogerson,New Zealand,Winger,1998-05-28
Marko Stamenić,New Zealand,Midfielder,2002-02-19
Chris Wood,New Zealand,Forward,1991-12-07
Sarpreet Singh,New Zealand,Attacking midfielder,1999-02-20
Elijah Just,New Zealand,Right winger,2000-05-01
Alex Paulsen,New Zealand,Goalkeeper,2002-07-04
Liberato Cacace,New Zealand,Left-back,2000-09-27
Alex Rufer,New Zealand,Defensive midfielder,1996-06-12
Nando Pijnaker,New Zealand,Centre back,1999-02-25
Finn Surman,New Zealand,Central defender,2003-09-23
Kosta Barbarouses,New Zealand,Winger,1990-02-19
Ben Waine,New Zealand,Forward,2001-06-11
Ben Old,New Zealand,Attacking midfielder,2002-08-13
Callum McCowatt,New Zealand,Left winger,1999-04-30
Jesse Randall,New Zealand,Forward,2002-08-19
Michael Woud,New Zealand,Goalkeeper,1999-01-16
Ryan Thomas,New Zealand,Midfielder,1994-12-20
Callan Elliot,New Zealand,Right back,1999-07-07
Lachlan Bayliss,New Zealand,Central midfielder,2002-07-24
Tommy Smith,New Zealand,Centre-back,1990-03-31
Vozinha,Cape Verde,Goalkeeper,1986-06-03
Stopira,Cape Verde,Left-back,1988-05-20
Diney,Cape Verde,Centre-back,1995-01-17
Pico,Cape Verde,Centre-back,1992-06-17
Logan Costa,Cape Verde,Centre-back,2001-04-01
Kevin Pina,Cape Verde,Defensive midfielder,1997-01-27
Jovane Cabral,Cape Verde,Winger,1998-06-14
João Paulo,Cape Verde,Midfielder,1998-05-26
Gilson Benchimol,Cape Verde,Striker,2001-12-29
Jamiro Monteiro,Cape Verde,Midfielder,1993-11-23
Garry Rodrigues,Cape Verde,Winger,1990-11-27
Márcio Rosa,Cape Verde,Goalkeeper,1997-02-23
Sidny Lopes Cabral,Cape Verde,Full-back,2002-09-18
Deroy Duarte,Cape Verde,Midfielder,1999-07-04
Laros Duarte,Cape Verde,Midfielder,1997-02-28
Yannick Semedo,Cape Verde,Midfielder,1995-12-29
Willy Semedo,Cape Verde,Winger,1994-04-27
Telmo Arcanjo,Cape Verde,Midfielder,2001-06-21
Dailon Livramento,Cape Verde,Forward,2001-05-04
Ryan Mendes,Cape Verde,Winger,1990-01-08
Nuno da Costa,Cape Verde,Forward,1991-02-10
Steven Moreira,Cape Verde,Right-back,1994-08-13
CJ dos Santos,Cape Verde,Goalkeeper,2000-08-24
Wagner Pina,Cape Verde,Right-back,2002-11-03
Kelvin Pires,Cape Verde,Centre-back,2000-06-05
Hélio Varela,Cape Verde,Winger,2002-05-03
Nawaf Al-Aqidi,Saudi Arabia,Goalkeeper,2000-05-10
Ali Majrashi,Saudi Arabia,Right back,1999-10-02
Ali Lajami,Saudi Arabia,Defender,1996-04-24
Abdulelah Al-Amri,Saudi Arabia,Centre-back,1997-01-15
Hassan Al-Tambakti,Saudi Arabia,Centre-back,1999-02-09
Nasser Al-Dawsari,Saudi Arabia,Left-back,1998-12-19
Musab Al-Juwayr,Saudi Arabia,Midfielder,2003-06-20
Ayman Yahya,Saudi Arabia,Winger,2001-05-14
Firas Al-Buraikan,Saudi Arabia,Striker,2000-05-14
Salem Al-Dawsari,Saudi Arabia,Left winger,1991-08-19
Saleh Al-Shehri,Saudi Arabia,Striker,1993-11-01
Saud Abdulhamid,Saudi Arabia,Right-back,1999-07-18
Nawaf Boushal,Saudi Arabia,Right-back,1999-09-16
Hassan Kadesh,Saudi Arabia,Left-back,1992-09-26
Abdullah Al-Khaibari,Saudi Arabia,Defensive midfielder,1996-08-16
Ziyad Al-Johani,Saudi Arabia,Midfielder,2001-11-11
Khalid Al-Ghannam,Saudi Arabia,Winger,2000-11-08
Alaa Al-Hejji,Saudi Arabia,Midfielder,1995-12-03
Abdullah Al-Hamdan,Saudi Arabia,Forward,1999-09-13
Sultan Mandash,Saudi Arabia,Winger,1994-10-17
Mohammed Al-Owais,Saudi Arabia,Goalkeeper,1991-10-10
Ahmed Al-Kassar,Saudi Arabia,Goalkeeper,1991-05-08
Mohamed Kanno,Saudi Arabia,Midfielder,1994-09-22
Moteb Al-Harbi,Saudi Arabia,Left back,2000-02-20
Jehad Thakri,Saudi Arabia,Defender,2001-07-21
Mohammed Abu Al-Shamat,Saudi Arabia,Right-back,2002-08-11
David Raya,Spain,Goalkeeper,1995-09-15
Marc Pubill,Spain,Right-back,2003-06-20
Álex Grimaldo,Spain,Left wing-back,1995-09-20
Eric García,Spain,Defender,2001-01-09
Marcos Llorente,Spain,Midfielder,1995-01-30
Mikel Merino,Spain,Midfielder,1996-06-22
Ferran Torres,Spain,Forward,2000-02-29
Fabián Ruiz,Spain,Central midfielder,1996-04-03
Gavi,Spain,Central midfielder,2004-08-05
Dani Olmo,Spain,Attacking midfielder,1998-05-07
Yéremy Pino,Spain,Attacking midfielder,2002-10-20
Pedro Porro,Spain,Right-back,1999-09-13
Joan Garcia,Spain,Goalkeeper,2001-05-04
Aymeric Laporte,Spain,Centre-back,1994-05-27
Álex Baena,Spain,Left midfielder,2001-07-20
Rodri,Spain,Defensive midfielder,1996-06-22
Nico Williams,Spain,Winger,2002-07-12
Martín Zubimendi,Spain,Defensive midfielder,1999-02-02
Lamine Yamal,Spain,Right winger,2007-07-13
Pedri,Spain,Midfielder,2002-11-25
Mikel Oyarzabal,Spain,Forward,1997-04-21
Pau Cubarsí,Spain,Centre-back,2007-01-22
Unai Simón,Spain,Goalkeeper,1997-06-11
Marc Cucurella,Spain,Left-back,1998-07-22
Víctor Muñoz,Spain,Left winger,2003-07-13
Borja Iglesias,Spain,Striker,1993-01-17
Sergio Rochet,Uruguay,Goalkeeper,1993-03-23
José María Giménez,Uruguay,Centre-back,1995-01-20
Sebastián Cáceres,Uruguay,Centre-back,1999-08-18
Ronald Araújo,Uruguay,Centre-back,1999-03-07
Manuel Ugarte,Uruguay,Defensive midfielder,2001-04-11
Rodrigo Bentancur,Uruguay,Central midfielder,1997-06-25
Nicolás de la Cruz,Uruguay,Central midfielder,1997-06-01
Federico Valverde,Uruguay,Central midfielder,1998-07-22
Darwin Núñez,Uruguay,Striker,1999-06-24
Giorgian de Arrascaeta,Uruguay,Attacking midfielder,1994-06-01
Facundo Pellistri,Uruguay,Winger,2001-12-20
Santiago Mele,Uruguay,Goalkeeper,1997-09-06
Guillermo Varela,Uruguay,Right-back,1993-03-24
Agustín Canobbio,Uruguay,Attacking midfielder,1998-10-01
Emiliano Martínez,Uruguay,Midfielder,1999-08-17
Mathías Olivera,Uruguay,Left-back,1997-10-31
Matías Viña,Uruguay,Left-back,1997-11-09
Brian Rodríguez,Uruguay,Winger,2000-05-20
Rodrigo Aguirre,Uruguay,Striker,1994-10-01
Maximiliano Araújo,Uruguay,Left winger,2000-02-15
Federico Viñas,Uruguay,Forward,1998-06-30
Joaquín Piquerez,Uruguay,Left-back,1998-08-24
Fernando Muslera,Uruguay,Goalkeeper,1986-06-16
Santiago Bueno,Uruguay,Centre-back,1998-11-09
Juan Manuel Sanabria,Uruguay,Midfielder,2000-03-29
Rodrigo Zalazar,Uruguay,Midfielder,1999-08-12
Brice Samba,France,Goalkeeper,1994-04-25
Malo Gusto,France,Right-back,2003-05-19
Lucas Digne,France,Left-back,1993-07-20
Dayot Upamecano,France,Centre-back,1998-10-27
Jules Koundé,France,Defender,1998-11-12
Manu Koné,France,Midfielder,2001-05-17
Ousmane Dembélé,France,Forward,1997-05-15
Aurélien Tchouaméni,France,Defensive midfielder,2000-01-27
Marcus Thuram,France,Forward,1997-08-06
Kylian Mbappé,France,Forward,1998-12-20
Michael Olise,France,Winger,2001-12-12
Bradley Barcola,France,Forward,2002-09-02
N'Golo Kanté,France,Defensive midfielder,1991-03-29
Adrien Rabiot,France,Midfielder,1995-04-03
Ibrahima Konaté,France,Centre-back,1999-05-25
Mike Maignan,France,Goalkeeper,1995-07-03
William Saliba,France,Centre-back,2001-03-24
Warren Zaïre-Emery,France,Midfielder,2006-03-08
Théo Hernandez,France,Left-back,1997-10-06
Désiré Doué,France,Attacking midfielder,2005-06-03
Lucas Hernandez,France,Centre-back,1996-02-14
Jean-Philippe Mateta,France,Striker,1997-06-28
Robin Risser,France,Goalkeeper,2004-12-02
Rayan Cherki,France,Attacking midfielder,2003-08-17
Maghnes Akliouche,France,Attacking midfielder,2002-02-25
Maxence Lacroix,France,Centre-back,2000-04-06
Fahad Talib,Iraq,Goalkeeper,1994-10-21
Rebin Sulaka,Iraq,Centre back,1992-04-12
Hussein Ali,Iraq,Right-back,2002-03-01
Zaid Tahseen,Iraq,Center back,2001-01-29
Akam Hashim,Iraq,Centre-back,1998-08-16
Munaf Younis,Iraq,Centre-back,1996-11-16
Youssef Amyn,Iraq,Winger,2003-08-21
Ibrahim Bayesh,Iraq,Midfielder,2000-05-01
Ali Al-Hamadi,Iraq,Forward,2002-03-01
Mohanad Ali,Iraq,Striker,2000-06-20
Ahmed Qasem,Iraq,Attacking midfielder,2003-07-12
Jalal Hassan,Iraq,Goalkeeper,1991-05-18
Ali Yousif,Iraq,Forward,1996-01-19
Zidane Iqbal,Iraq,Midfielder,2003-04-27
Ahmed Maknzi,Iraq,Left-back,2001-09-24
Amir Al-Ammari,Iraq,Midfielder,1997-07-27
Ali Jasim,Iraq,Forward,2004-01-20
Aymen Hussein,Iraq,Striker,1996-03-22
Kevin Yakob,Iraq,Midfielder,2000-10-10
Aimar Sher,Iraq,Midfielder,2002-12-20
Marko Farji,Iraq,Forward,2004-03-16
Ahmed Basil,Iraq,Goalkeeper,1996-08-19
Merchas Doski,Iraq,Left-back,1999-12-07
Zaid Ismail,Iraq,Defensive midfielder,2002-01-03
Mustafa Saadoon,Iraq,Right back,2001-05-25
Frans Putros,Iraq,Centre-back,1993-07-14
Ørjan Nyland,Norway,Goalkeeper,1990-09-10
Morten Thorsby,Norway,Defensive midfielder,1996-05-05
Kristoffer Ajer,Norway,Centre-back,1998-04-17
Leo Østigård,Norway,Centre-back,1999-11-28
David Møller Wolfe,Norway,Left-back,2002-04-23
Patrick Berg,Norway,Defensive midfielder,1997-11-24
Alexander Sørloth,Norway,Striker,1995-12-05
Sander Berge,Norway,Defensive midfielder,1998-02-14
Erling Haaland,Norway,Striker,2000-07-21
Martin Ødegaard,Norway,Midfielder,1998-12-17
Jørgen Strand Larsen,Norway,Striker,2000-02-06
Sander Tangvik,Norway,Goalkeeper,2002-11-29
Egil Selvik,Norway,Goalkeeper,1997-07-30
Fredrik Aursnes,Norway,Midfielder,1995-12-10
Fredrik André Bjørkan,Norway,Left-back,1998-08-21
Marcus Holmgren Pedersen,Norway,Right-back,2000-07-16
Torbjørn Heggem,Norway,Centre-back,1999-01-12
Kristian Thorstvedt,Norway,Midfielder,1999-03-13
Thelo Aasgaard,Norway,Midfielder,2002-05-02
Antonio Nusa,Norway,Winger,2005-04-17
Andreas Schjelderup,Norway,Left winger,2004-06-01
Oscar Bobb,Norway,Midfielder,2003-07-12
Jens Petter Hauge,Norway,Left winger,1999-10-12
Sondre Langås,Norway,Defender,2001-02-02
Henrik Falchener,Norway,Centre-back,2003-05-08
Julian Ryerson,Norway,Full-back,1997-11-17
Yehvann Diouf,Senegal,Goalkeeper,1999-11-16
Mamadou Sarr,Senegal,Centre-back,2005-08-29
Kalidou Koulibaly,Senegal,Centre-back,1991-06-20
Abdoulaye Seck,Senegal,Centre-back,1992-06-04
Idrissa Gueye,Senegal,Defensive midfielder,1989-09-26
Pathé Ciss,Senegal,Central midfielder,1994-03-16
Assane Diao,Senegal,Winger,2005-09-07
Lamine Camara,Senegal,Midfielder,2004-01-01
Bamba Dieng,Senegal,Forward,2000-03-23
Sadio Mané,Senegal,Winger,1992-04-10
Nicolas Jackson,Senegal,Striker,2001-06-20
Cherif Ndiaye,Senegal,Forward,1996-01-23
Iliman Ndiaye,Senegal,Wide midfielder,2000-03-06
Ismail Jakobs,Senegal,Left-back,1999-08-17
Krépin Diatta,Senegal,Winger,1999-02-25
Édouard Mendy,Senegal,Goalkeeper,1992-03-01
Pape Matar Sarr,Senegal,Midfielder,2002-09-14
Ismaïla Sarr,Senegal,Forward,1998-02-25
Moussa Niakhaté,Senegal,Centre-back,1996-03-08
Ibrahim Mbaye,Senegal,Forward,2008-01-24
Habib Diarra,Senegal,Midfielder,2004-01-03
Bara Sapoko Ndiaye,Senegal,Midfielder,2007-12-31
Mory Diaw,Senegal,Goalkeeper,1993-06-22
Antoine Mendy,Senegal,Right-back,2004-05-27
El Hadji Malick Diouf,Senegal,Left-back,2004-12-29
Pape Gueye,Senegal,Defensive midfielder,1999-01-24
Melvin Mastil,Algeria,Goalkeeper,2000-02-19
Aïssa Mandi,Algeria,Centre-back,1991-10-22
Achref Abada,Algeria,Centre-back,1999-06-15
Mohamed Amine Tougai,Algeria,Centre-back,2000-01-22
Zineddine Belaïd,Algeria,Centre-back,1999-03-20
Ramiz Zerrouki,Algeria,Central midfielder,1998-05-26
Riyad Mahrez,Algeria,Right winger,1991-02-21
Houssem Aouar,Algeria,Midfielder,1998-06-30
Amine Gouiri,Algeria,Striker,2000-02-16
Farès Chaïbi,Algeria,Winger,2002-11-28
Anis Hadj Moussa,Algeria,Forward,2002-02-11
Nadhir Benbouali,Algeria,Forward,2000-04-17
Jaouen Hadjam,Algeria,Left-back,2003-03-26
Hicham Boudaoui,Algeria,Midfielder,1999-09-23
Rayan Aït-Nouri,Algeria,Left-back,2001-06-06
Oussama Benbot,Algeria,Goalkeeper,1994-10-11
Rafik Belghali,Algeria,Right-back,2002-06-07
Mohamed Amoura,Algeria,Striker,2000-05-09
Nabil Bentaleb,Algeria,Defensive midfielder,1994-11-24
Adil Boulbina,Algeria,Midfielder,2003-05-02
Ramy Bensebaini,Algeria,Left-back,1995-04-16
Ibrahim Maza,Algeria,Forward,2005-11-24
Luca Zidane,Algeria,Goalkeeper,1998-05-13
Yacine Titraoui,Algeria,Midfielder,2003-07-26
Farès Ghedjemis,Algeria,Winger,2002-09-06
Samir Chergui,Algeria,Centre-back,1999-02-06
Juan Musso,Argentina,Goalkeeper,1994-05-06
Marcos Senesi,Argentina,Centre-back,1997-05-10
Nicolás Tagliafico,Argentina,Left-back,1992-08-31
Gonzalo Montiel,Argentina,Right-back,1997-01-01
Leandro Paredes,Argentina,Defensive midfielder,1994-06-29
Lisandro Martínez,Argentina,Centre-back,1998-01-18
Rodrigo De Paul,Argentina,Midfielder,1994-05-24
Valentín Barco,Argentina,Left back,2004-07-23
Julián Alvarez,Argentina,Forward,2000-01-31
Lionel Messi,Argentina,Forward,1987-06-24
Giovani Lo Celso,Argentina,Midfielder,1996-04-09
Gerónimo Rulli,Argentina,Goalkeeper,1992-05-20
Cristian Romero,Argentina,Centre-back,1998-04-27
Exequiel Palacios,Argentina,Midfielder,1998-10-05
Nicolás González,Argentina,Winger,1998-04-06
Thiago Almada,Argentina,Attacking midfielder,2001-04-26
Giuliano Simeone,Argentina,Winger,2002-12-18
Nico Paz,Argentina,Attacking midfielder,2004-09-08
Nicolás Otamendi,Argentina,Centre-back,1988-02-12
Alexis Mac Allister,Argentina,Midfielder,1998-12-24
José Manuel López,Argentina,Striker,2000-12-06
Lautaro Martínez,Argentina,Forward,1997-08-22
Emiliano Martínez,Argentina,Goalkeeper,1992-09-02
Enzo Fernández,Argentina,Midfielder,2001-01-17
Facundo Medina,Argentina,Centre-back,1999-05-28
Nahuel Molina,Argentina,Right-back,1998-04-06
Alexander Schlager,Austria,Goalkeeper,1996-02-01
David Affengruber,Austria,Centre-back,2001-03-19
Kevin Danso,Austria,Centre-back,1998-09-19
Xaver Schlager,Austria,Central midfielder,1997-09-28
Stefan Posch,Austria,Right-back,1997-05-14
Nicolas Seiwald,Austria,Defensive midfielder,2001-05-04
Marko Arnautović,Austria,Striker,1989-04-19
David Alaba,Austria,Centre-back,1992-06-24
Marcel Sabitzer,Austria,Midfielder,1994-03-17
Florian Grillitsch,Austria,Defensive midfielder,1995-08-07
Michael Gregoritsch,Austria,Winger,1994-04-18
Florian Wiegele,Austria,Goalkeeper,2001-03-21
Patrick Pentz,Austria,Goalkeeper,1997-01-02
Saša Kalajdžić,Austria,Striker,1997-07-07
Philipp Lienhart,Austria,Centre-back,1996-07-11
Phillipp Mwene,Austria,Full-back,1994-01-29
Carney Chukwuemeka,Austria,Attacking midfielder,2003-10-20
Romano Schmid,Austria,Attacking midfielder,2000-01-27
Dejan Ljubičić,Austria,Midfielder,1997-10-08
Konrad Laimer,Austria,Right-back,1997-05-27
Patrick Wimmer,Austria,Right winger,2001-05-30
Alexander Prass,Austria,Central midfielder,2001-05-26
Marco Friedl,Austria,Centre-back,1998-03-16
Paul Wanner,Austria,Attacking midfielder,2005-12-23
Michael Svoboda,Austria,Centre-back,1998-10-15
Alessandro Schöpf,Austria,Midfielder,1994-02-07
Yazeed Abulaila,Jordan,Goalkeeper,1993-01-08
Mohammad Abu Hashish,Jordan,Left-back,1995-05-09
Abdallah Nasib,Jordan,Centre-back,1994-02-25
Husam Abu Dahab,Jordan,Center-back,2000-05-13
Yazan Al-Arab,Jordan,Centre-back,1996-01-31
Amer Jamous,Jordan,Midfielder,2002-07-03
Mohammad Abu Zrayq,Jordan,Winger,1997-12-30
Noor Al-Rawabdeh,Jordan,Midfielder,1997-02-24
Ali Olwan,Jordan,Forward,2000-03-26
Musa Al-Taamari,Jordan,Right winger,1997-06-10
Odeh Al-Fakhouri,Jordan,Forward,2005-11-22
Nour Bani Attiah,Jordan,Goalkeeper,1993-01-25
Mahmoud Al-Mardi,Jordan,Winger,1993-10-06
Rajaei Ayed,Jordan,Midfielder,1993-07-25
Ibrahim Sadeh,Jordan,Midfielder,2000-04-27
Mo Abualnadi,Jordan,Centre-back,2001-02-08
Salim Obaid,Jordan,Left back,1992-01-17
Mohammad Taha,Jordan,Left-back,2005-07-13
Saed Al-Rosan,Jordan,Center-back,1997-02-01
Mohannad Abu Taha,Jordan,Winger,2003-02-02
Nizar Al-Rashdan,Jordan,Defensive midfielder,1999-03-23
Abdallah Al-Fakhouri,Jordan,Goalkeeper,2000-01-22
Ihsan Haddad,Jordan,Right back,1994-02-05
Ali Azaizeh,Jordan,Winger,2004-04-13
Mohammad Al-Dawoud,Jordan,Midfielder,1992-04-12
Anas Badawi,Jordan,Right-back,1997-09-13
David Ospina,Colombia,Goalkeeper,1988-08-31
Daniel Muñoz,Colombia,Right-back,1996-05-26
Jhon Lucumí,Colombia,Centre-back,1998-06-26
Santiago Arias,Colombia,Right-back,1992-01-13
Kevin Castaño,Colombia,Defensive midfielder,2000-09-29
Richard Ríos,Colombia,Central midfielder,2000-06-02
Luis Díaz,Colombia,Left winger,1997-01-13
Jorge Carrascal,Colombia,Attacking midfielder,1998-05-25
Jhon Córdoba,Colombia,Forward,1993-05-11
James Rodríguez,Colombia,Attacking midfielder,1991-07-12
Jhon Arias,Colombia,Wide midfielder,1997-09-21
Camilo Vargas,Colombia,Goalkeeper,1989-03-09
Yerry Mina,Colombia,Centre-back,1994-09-23
Gustavo Puerta,Colombia,Midfielder,2003-07-23
Juan Portilla,Colombia,Midfielder,1998-09-12
Jefferson Lerma,Colombia,Defensive midfielder,1994-10-25
Johan Mojica,Colombia,Left-back,1992-08-21
Willer Ditta,Colombia,Centre-back,1998-01-23
Cucho Hernández,Colombia,Striker,1999-04-20
Juan Fernando Quintero,Colombia,Attacking midfielder,1993-01-18
Jaminton Campaz,Colombia,Attacking midfielder,2000-05-24
Deiver Machado,Colombia,Left-back,1993-09-02
Davinson Sánchez,Colombia,Centre-back,1996-06-12
Álvaro Montero,Colombia,Goalkeeper,1995-03-29
Luis Suárez,Colombia,Forward,1997-12-02
Andrés Gómez,Colombia,Winger,2002-09-12
Lionel Mpasi,DR Congo,Goalkeeper,1994-08-01
Aaron Wan-Bissaka,DR Congo,Right-back,1997-11-26
Steve Kapuadi,DR Congo,Centre-back,1998-04-30
Axel Tuanzebe,DR Congo,Defender,1997-11-14
Dylan Batubinsika,DR Congo,Centre-back,1996-02-15
Ngal'ayel Mukau,DR Congo,Midfielder,2004-11-03
Nathanaël Mbuku,DR Congo,Forward,2002-03-16
Samuel Moutoussamy,DR Congo,Defensive midfielder,1996-08-12
Brian Cipenga,DR Congo,Winger,1998-03-11
Théo Bongonda,DR Congo,Winger,1995-11-20
Gaël Kakuta,DR Congo,Winger,1991-06-21
Joris Kayembe,DR Congo,Left-back,1994-08-08
Meschak Elia,DR Congo,Forward,1997-08-06
Noah Sadiki,DR Congo,Defensive midfielder,2004-12-17
Aaron Tshibola,DR Congo,Defensive midfielder,1995-01-02
Timothy Fayulu,DR Congo,Goalkeeper,1999-07-24
Cédric Bakambu,DR Congo,Forward,1991-04-11
Charles Pickel,DR Congo,Defensive midfielder,1997-05-15
Fiston Mayele,DR Congo,Forward,1994-06-24
Yoane Wissa,DR Congo,Forward,1996-09-03
Matthieu Epolo,DR Congo,Goalkeeper,2005-01-15
Chancel Mbemba,DR Congo,Centre-back,1994-08-08
Simon Banza,DR Congo,Forward,1996-08-13
Gédéon Kalulu,DR Congo,Right-back,1997-08-29
Edo Kayembe,DR Congo,Midfielder,1998-06-03
Arthur Masuaku,DR Congo,Left-back,1993-11-07
Diogo Costa,Portugal,Goalkeeper,1999-09-19
Nélson Semedo,Portugal,Right-back,1993-11-16
Rúben Dias,Portugal,Centre-back,1997-05-14
Tomás Araújo,Portugal,Defender,2002-05-16
Diogo Dalot,Portugal,Full-back,1999-03-18
Matheus Nunes,Portugal,Right-back,1998-08-27
Cristiano Ronaldo,Portugal,Forward,1985-02-05
Bruno Fernandes,Portugal,Attacking midfielder,1994-09-08
Gonçalo Ramos,Portugal,Striker,2001-06-20
Bernardo Silva,Portugal,Midfielder,1994-08-10
João Félix,Portugal,Attacking midfielder,1999-11-10
José Sá,Portugal,Goalkeeper,1993-01-17
Renato Veiga,Portugal,Defender,2003-07-29
Gonçalo Inácio,Portugal,Centre-back,2001-08-25
João Neves,Portugal,Midfielder,2004-09-27
Francisco Trincão,Portugal,Winger,1999-12-29
Rafael Leão,Portugal,Left winger,1999-06-10
Pedro Neto,Portugal,Winger,2000-03-09
Gonçalo Guedes,Portugal,Winger,1996-11-29
João Cancelo,Portugal,Full-back,1994-05-27
Rúben Neves,Portugal,Defensive midfielder,1997-03-13
Rui Silva,Portugal,Goalkeeper,1994-02-07
Vitinha,Portugal,Central midfielder,2000-02-13
Samú Costa,Portugal,Defensive midfielder,2000-11-27
Nuno Mendes,Portugal,Left-back,2002-06-19
Francisco Conceição,Portugal,Right winger,2002-12-14
Utkir Yusupov,Uzbekistan,Goalkeeper,1991-01-04
Abdukodir Khusanov,Uzbekistan,Centre-back,2004-02-29
Khojiakbar Alijonov,Uzbekistan,Right-back,1997-04-19
Farrukh Sayfiev,Uzbekistan,Left-back,1991-01-17
Rustam Ashurmatov,Uzbekistan,Centre back,1996-07-07
Akmal Mozgovoy,Uzbekistan,Midfielder,1999-04-02
Otabek Shukurov,Uzbekistan,Midfielder,1996-06-22
Jamshid Iskanderov,Uzbekistan,Midfielder,1993-10-16
Odiljon Hamrobekov,Uzbekistan,Midfielder,1996-02-13
Ruslanbek Jiyanov,Uzbekistan,Striker,2001-06-05
Oston Urunov,Uzbekistan,Midfielder,2000-12-19
Abduvohid Nematov,Uzbekistan,Goalkeeper,2001-03-20
Sherzod Nasrullaev,Uzbekistan,Left-back,1998-07-23
Eldor Shomurodov,Uzbekistan,Forward,1995-06-29
Umar Eshmurodov,Uzbekistan,Centre-back,1992-11-30
Botirali Ergashev,Uzbekistan,Goalkeeper,1995-06-23
Dostonbek Khamdamov,Uzbekistan,Winger,1996-07-24
Abdulla Abdullaev,Uzbekistan,Defender,1997-09-01
Azizjon Ganiev,Uzbekistan,Midfielder,1998-02-22
Azizbek Amonov,Uzbekistan,Midfielder,1997-10-30
Igor Sergeev,Uzbekistan,Forward,1993-04-30
Abbosbek Fayzullaev,Uzbekistan,Attacking midfielder,2003-10-03
Sherzod Esanov,Uzbekistan,Central midfielder,2003-02-01
Bekhruz Karimov,Uzbekistan,Right-back,2007-08-07
Avazbek Ulmasaliev,Uzbekistan,Centre-back,2000-03-27
Jakhongir Urozov,Uzbekistan,Left-back,2004-01-18
Dominik Livaković,Croatia,Goalkeeper,1995-01-09
Josip Stanišić,Croatia,Full-back,2000-04-02
Marin Pongračić,Croatia,Centre-back,1997-09-11
Joško Gvardiol,Croatia,Centre-back,2002-01-22
Duje Ćaleta-Car,Croatia,Centre-back,1996-09-17
Josip Šutalo,Croatia,Centre-back,2000-02-28
Nikola Moro,Croatia,Defensive midfielder,1998-03-12
Mateo Kovačić,Croatia,Central midfielder,1994-05-06
Andrej Kramarić,Croatia,Forward,1991-06-19
Luka Modrić,Croatia,Central midfielder,1985-09-09
Ante Budimir,Croatia,Striker,1991-07-22
Ivor Pandur,Croatia,Goalkeeper,2000-03-25
Nikola Vlašić,Croatia,Attacking midfielder,1997-10-04
Ivan Perišić,Croatia,Left winger,1989-02-02
Mario Pašalić,Croatia,Midfielder,1995-02-09
Martin Baturina,Croatia,Attacking midfielder,2003-02-16
Petar Sučić,Croatia,Midfielder,2003-10-25
Kristijan Jakić,Croatia,Defensive midfielder,1997-05-14
Toni Fruk,Croatia,Attacking midfielder,2001-03-09
Igor Matanović,Croatia,Striker,2003-03-31
Luka Sučić,Croatia,Midfielder,2002-09-08
Luka Vušković,Croatia,Centre-back,2007-02-24
Dominik Kotarski,Croatia,Goalkeeper,2000-02-10
Marco Pašalić,Croatia,Right winger,2000-09-14
Martin Erlić,Croatia,Centre-back,1998-01-24
Petar Musa,Croatia,Striker,1998-03-04
Jordan Pickford,England,Goalkeeper,1994-03-07
Ezri Konsa,England,Centre-back,1997-10-23
Nico O'Reilly,England,Left-back,2005-03-21
Declan Rice,England,Midfielder,1999-01-14
John Stones,England,Centre-back,1994-05-28
Marc Guéhi,England,Centre-back,2000-07-13
Bukayo Saka,England,Right winger,2001-09-05
Elliot Anderson,England,Midfielder,2002-11-06
Harry Kane,England,Striker,1993-07-28
Jude Bellingham,England,Midfielder,2003-06-29
Marcus Rashford,England,Forward,1997-10-31
Trevoh Chalobah,England,Centre-back,1999-07-05
Dean Henderson,England,Goalkeeper,1997-03-12
Jordan Henderson,England,Midfielder,1990-06-17
Dan Burn,England,Centre-back,1992-05-09
Kobbie Mainoo,England,Midfielder,2005-04-19
Morgan Rogers,England,Attacking midfielder,2002-07-26
Anthony Gordon,England,Winger,2001-02-24
Ollie Watkins,England,Forward,1995-12-30
Noni Madueke,England,Winger,2002-03-10
Eberechi Eze,England,Attacking midfielder,1998-06-29
Ivan Toney,England,Striker,1996-03-16
James Trafford,England,Goalkeeper,2002-10-10
Reece James,England,Right-back,1999-12-08
Djed Spence,England,Full-back,2000-08-09
Jarell Quansah,England,Centre-back,2003-01-29
Lawrence Ati-Zigi,Ghana,Goalkeeper,1996-11-29
Alidu Seidu,Ghana,Defender,2000-06-04
Caleb Yirenkyi,Ghana,Midfielder,2006-01-15
Jonas Adjetey,Ghana,Centre-back,2003-12-13
Thomas Partey,Ghana,Defensive midfielder,1993-06-13
Abdul Mumin,Ghana,Centre-back,1998-06-06
Abdul Fatawu,Ghana,Winger,2004-03-08
Kwasi Sibo,Ghana,Midfielder,1998-06-24
Jordan Ayew,Ghana,Winger,1991-09-11
Brandon Thomas-Asante,Ghana,Forward,1998-12-29
Antoine Semenyo,Ghana,Winger,2000-01-07
Joseph Anang,Ghana,Goalkeeper,2000-06-08
Christopher Bonsu Baah,Ghana,Right winger,2004-12-14
Gideon Mensah,Ghana,Left-back,1998-07-18
Elisha Owusu,Ghana,Midfielder,1997-11-07
Benjamin Asare,Ghana,Goalkeeper,1992-07-13
Abdul Rahman Baba,Ghana,Left-back,1994-07-02
Jerome Opoku,Ghana,Centre-back,1998-10-14
Iñaki Williams,Ghana,Forward,1994-06-15
Augustine Boakye,Ghana,Midfielder,2000-11-03
Kojo Peprah Oppong,Ghana,Defender,2004-06-04
Kamaldeen Sulemana,Ghana,Winger,2002-02-15
Derrick Luckassen,Ghana,Centre-back,1995-07-03
Ernest Nuamah,Ghana,Winger,2003-11-01
Prince Kwabena Adu,Ghana,Midfielder,2003-09-23
Marvin Senaya,Ghana,Right-back,2001-01-28
Luis Mejía,Panama,Goalkeeper,1991-03-16
César Blackman,Panama,Right-back,1998-04-02
José Córdoba,Panama,Defender,2001-06-03
Fidel Escobar,Panama,Centre-back,1995-01-09
Edgardo Fariña,Panama,Centre-back,2001-10-19
Cristian Martínez,Panama,Midfielder,1997-02-06
José Luis Rodríguez,Panama,Winger,1998-06-19
Adalberto Carrasquilla,Panama,Midfielder,1998-11-28
Tomás Rodríguez,Panama,Forward,1999-03-09
Ismael Díaz,Panama,Winger,1997-05-12
Yoel Bárcenas,Panama,Winger,1993-10-23
César Samudio,Panama,Goalkeeper,1994-02-23
Jiovany Ramos,Panama,Centre-back,1997-01-26
Carlos Harvey,Panama,Defensive midfielder,2000-02-03
Eric Davis,Panama,Left-back,1991-03-31
Andrés Andrade,Panama,Defender,1998-10-16
José Fajardo,Panama,Forward,1993-08-18
Cecilio Waterman,Panama,Striker,1991-04-13
Alberto Quintero,Panama,Winger,1987-12-18
Aníbal Godoy,Panama,Defensive midfielder,1990-02-10
César Yanis,Panama,Winger,1996-01-28
Orlando Mosquera,Panama,Goalkeeper,1994-12-25
Michael Amir Murillo,Panama,Right-back,1996-02-11
Azarias Londoño,Panama,Forward,2001-06-21
Roderick Miller,Panama,Centre-back,1992-04-03
Jorge Gutiérrez,Panama,Left-back,1998-09-01
