Nation,Player,WikiURL
Czech Republic,Matěj Kovář,https://en.wikipedia.org/wiki/Mat%C4%9Bj_Kov%C3%A1%C5%99
Czech Republic,David Zima,https://en.wikipedia.org/wiki/David_Zima
Czech Republic,Tomáš Holeš,https://en.wikipedia.org/wiki/Tom%C3%A1%C5%A1_Hole%C5%A1
Czech Republic,Robin Hranáč,https://en.wikipedia.org/wiki/Robin_Hran%C3%A1%C4%8D
Czech Republic,Vladimír Coufal,https://en.wikipedia.org/wiki/Vladim%C3%ADr_Coufal
Czech Republic,Štěpán Chaloupek,https://en.wikipedia.org/wiki/%C5%A0t%C4%9Bp%C3%A1n_Chaloupek
Czech Republic,Ladislav Krejčí,"https://en.wikipedia.org/wiki/Ladislav_Krej%C4%8D%C3%AD_(footballer,_born_1999)"
Czech Republic,Vladimír Darida,https://en.wikipedia.org/wiki/Vladim%C3%ADr_Darida
Czech Republic,Adam Hložek,https://en.wikipedia.org/wiki/Adam_Hlo%C5%BEek
Czech Republic,Patrik Schick,https://en.wikipedia.org/wiki/Patrik_Schick
Czech Republic,Jan Kuchta,https://en.wikipedia.org/wiki/Jan_Kuchta
Czech Republic,Lukáš Červ,https://en.wikipedia.org/wiki/Luk%C3%A1%C5%A1_%C4%8Cerv
Czech Republic,Mojmír Chytil,https://en.wikipedia.org/wiki/Mojm%C3%ADr_Chytil
Czech Republic,David Jurásek,https://en.wikipedia.org/wiki/David_Jur%C3%A1sek
Czech Republic,Pavel Šulc,https://en.wikipedia.org/wiki/Pavel_%C5%A0ulc
Czech Republic,Jindřich Staněk,https://en.wikipedia.org/wiki/Jind%C5%99ich_Stan%C4%9Bk
Czech Republic,Lukáš Provod,https://en.wikipedia.org/wiki/Luk%C3%A1%C5%A1_Provod
Czech Republic,Michal Sadílek,https://en.wikipedia.org/wiki/Michal_Sad%C3%ADlek
Czech Republic,Tomáš Chorý,https://en.wikipedia.org/wiki/Tom%C3%A1%C5%A1_Chor%C3%BD
Czech Republic,Jaroslav Zelený,https://en.wikipedia.org/wiki/Jaroslav_Zelen%C3%BD
Czech Republic,David Douděra,https://en.wikipedia.org/wiki/David_Doud%C4%9Bra
Czech Republic,Tomáš Souček,https://en.wikipedia.org/wiki/Tom%C3%A1%C5%A1_Sou%C4%8Dek
Czech Republic,Lukáš Horníček,https://en.wikipedia.org/wiki/Luk%C3%A1%C5%A1_Horn%C3%AD%C4%8Dek
Czech Republic,Alexandr Sojka,https://en.wikipedia.org/wiki/Alexandr_Sojka
Czech Republic,Hugo Sochůrek,https://en.wikipedia.org/wiki/Hugo_Soch%C5%AFrek
Czech Republic,Denis Višinský,https://en.wikipedia.org/wiki/Denis_Vi%C5%A1insk%C3%BD
Mexico,Raúl Rangel,https://en.wikipedia.org/wiki/Ra%C3%BAl_Rangel_(footballer)
Mexico,Jorge Sánchez,"https://en.wikipedia.org/wiki/Jorge_S%C3%A1nchez_(footballer,_born_1997)"
Mexico,César Montes,https://en.wikipedia.org/wiki/C%C3%A9sar_Montes
Mexico,Edson Álvarez,https://en.wikipedia.org/wiki/Edson_%C3%81lvarez
Mexico,Johan Vásquez,"https://en.wikipedia.org/wiki/Johan_V%C3%A1squez_(footballer,_born_1998)"
Mexico,Érik Lira,https://en.wikipedia.org/wiki/%C3%89rik_Lira
Mexico,Luis Romo,https://en.wikipedia.org/wiki/Luis_Romo
Mexico,Álvaro Fidalgo,https://en.wikipedia.org/wiki/%C3%81lvaro_Fidalgo
Mexico,Raúl Jiménez,https://en.wikipedia.org/wiki/Ra%C3%BAl_Jim%C3%A9nez
Mexico,Alexis Vega,https://en.wikipedia.org/wiki/Alexis_Vega_(Mexican_footballer)
Mexico,Santiago Giménez,https://en.wikipedia.org/wiki/Santiago_Gim%C3%A9nez
Mexico,Carlos Acevedo,https://en.wikipedia.org/wiki/Carlos_Acevedo
Mexico,Guillermo Ochoa,https://en.wikipedia.org/wiki/Guillermo_Ochoa
Mexico,Armando González,"https://en.wikipedia.org/wiki/Armando_Gonz%C3%A1lez_(footballer,_born_2003)"
Mexico,Israel Reyes,https://en.wikipedia.org/wiki/Israel_Reyes
Mexico,Julián Quiñones,https://en.wikipedia.org/wiki/Juli%C3%A1n_Qui%C3%B1ones
Mexico,Orbelín Pineda,https://en.wikipedia.org/wiki/Orbel%C3%ADn_Pineda
Mexico,Obed Vargas,https://en.wikipedia.org/wiki/Obed_Vargas
Mexico,Gilberto Mora,"https://en.wikipedia.org/wiki/Gilberto_Mora_(footballer,_born_2008)"
Mexico,Mateo Chávez,https://en.wikipedia.org/wiki/Mateo_Ch%C3%A1vez
Mexico,César Huerta,https://en.wikipedia.org/wiki/C%C3%A9sar_Huerta
Mexico,Guillermo Martínez,https://en.wikipedia.org/wiki/Guillermo_Mart%C3%ADnez_(footballer)
Mexico,Jesús Gallardo,https://en.wikipedia.org/wiki/Jes%C3%BAs_Gallardo
Mexico,Luis Chávez,https://en.wikipedia.org/wiki/Luis_Ch%C3%A1vez_(footballer)
Mexico,Roberto Alvarado,https://en.wikipedia.org/wiki/Roberto_Alvarado
Mexico,Brian Gutiérrez,https://en.wikipedia.org/wiki/Brian_Guti%C3%A9rrez
South Africa,Ronwen Williams,https://en.wikipedia.org/wiki/Ronwen_Williams
South Africa,Thabang Matuludi,https://en.wikipedia.org/wiki/Thabang_Matuludi
South Africa,Khulumani Ndamane,https://en.wikipedia.org/wiki/Khulumani_Ndamane
South Africa,Teboho Mokoena,"https://en.wikipedia.org/wiki/Teboho_Mokoena_(soccer,_born_1997)"
South Africa,Thalente Mbatha,https://en.wikipedia.org/wiki/Thalente_Mbatha
South Africa,Aubrey Modiba,https://en.wikipedia.org/wiki/Aubrey_Modiba
South Africa,Oswin Appollis,https://en.wikipedia.org/wiki/Oswin_Appollis
South Africa,Tshepang Moremi,https://en.wikipedia.org/wiki/Tshepang_Moremi
South Africa,Lyle Foster,https://en.wikipedia.org/wiki/Lyle_Foster
South Africa,Relebohile Mofokeng,https://en.wikipedia.org/wiki/Relebohile_Mofokeng
South Africa,Themba Zwane,https://en.wikipedia.org/wiki/Themba_Zwane
South Africa,Thapelo Maseko,https://en.wikipedia.org/wiki/Thapelo_Maseko
South Africa,Sphephelo Sithole,https://en.wikipedia.org/wiki/Sphephelo_Sithole
South Africa,Mbekezeli Mbokazi,https://en.wikipedia.org/wiki/Mbekezeli_Mbokazi
South Africa,Iqraam Rayners,https://en.wikipedia.org/wiki/Iqraam_Rayners
South Africa,Sipho Chaine,https://en.wikipedia.org/wiki/Sipho_Chaine
South Africa,Evidence Makgopa,https://en.wikipedia.org/wiki/Evidence_Makgopa
South Africa,Samukele Kabini,https://en.wikipedia.org/wiki/Samukele_Kabini
South Africa,Nkosinathi Sibisi,https://en.wikipedia.org/wiki/Nkosinathi_Sibisi
South Africa,Khuliso Mudau,https://en.wikipedia.org/wiki/Khuliso_Mudau
South Africa,Ime Okon,https://en.wikipedia.org/wiki/Ime_Okon
South Africa,Ricardo Goss,https://en.wikipedia.org/wiki/Ricardo_Goss
South Africa,Jayden Adams,https://en.wikipedia.org/wiki/Jayden_Adams
South Africa,Olwethu Makhanya,https://en.wikipedia.org/wiki/Olwethu_Makhanya
South Africa,Kamogelo Sebelebele,https://en.wikipedia.org/wiki/Kamogelo_Sebelebele
South Africa,Bradley Cross,https://en.wikipedia.org/wiki/Bradley_Cross_(soccer)
South Korea,Kim Seung-gyu,https://en.wikipedia.org/wiki/Kim_Seung-gyu
South Korea,Lee Han-beom,https://en.wikipedia.org/wiki/Lee_Han-beom
South Korea,Lee Gi-hyuk,https://en.wikipedia.org/wiki/Lee_Gi-hyuk
South Korea,Kim Min-jae,https://en.wikipedia.org/wiki/Kim_Min-jae_(footballer)
South Korea,Kim Tae-hyeon,https://en.wikipedia.org/wiki/Kim_Tae-hyeon
South Korea,Hwang In-beom,https://en.wikipedia.org/wiki/Hwang_In-beom
South Korea,Son Heung-min,https://en.wikipedia.org/wiki/Son_Heung-min
South Korea,Paik Seung-ho,https://en.wikipedia.org/wiki/Paik_Seung-ho
South Korea,Cho Gue-sung,https://en.wikipedia.org/wiki/Cho_Gue-sung
South Korea,Lee Jae-sung,https://en.wikipedia.org/wiki/Lee_Jae-sung
South Korea,Hwang Hee-chan,https://en.wikipedia.org/wiki/Hwang_Hee-chan
South Korea,Song Bum-keun,https://en.wikipedia.org/wiki/Song_Bum-keun
South Korea,Lee Tae-seok,https://en.wikipedia.org/wiki/Lee_Tae-seok
South Korea,Cho Wi-je,https://en.wikipedia.org/wiki/Cho_Wi-je
South Korea,Kim Moon-hwan,https://en.wikipedia.org/wiki/Kim_Moon-hwan
South Korea,Park Jin-seob,"https://en.wikipedia.org/wiki/Park_Jin-seob_(footballer,_born_1995)"
South Korea,Bae Jun-ho,https://en.wikipedia.org/wiki/Bae_Jun-ho
South Korea,Oh Hyeon-gyu,https://en.wikipedia.org/wiki/Oh_Hyeon-gyu
South Korea,Lee Kang-in,https://en.wikipedia.org/wiki/Lee_Kang-in
South Korea,Yang Hyun-jun,https://en.wikipedia.org/wiki/Yang_Hyun-jun
South Korea,Jo Hyeon-woo,https://en.wikipedia.org/wiki/Jo_Hyeon-woo
South Korea,Seol Young-woo,https://en.wikipedia.org/wiki/Seol_Young-woo
South Korea,Jens Castrop,https://en.wikipedia.org/wiki/Jens_Castrop
South Korea,Kim Jin-gyu,"https://en.wikipedia.org/wiki/Kim_Jin-gyu_(footballer,_born_1997)"
South Korea,Eom Ji-sung,https://en.wikipedia.org/wiki/Eom_Ji-sung
South Korea,Lee Dong-gyeong,https://en.wikipedia.org/wiki/Lee_Dong-gyeong
Bosnia and Herzegovina,Nikola Vasilj,https://en.wikipedia.org/wiki/Nikola_Vasilj
Bosnia and Herzegovina,Nihad Mujakić,https://en.wikipedia.org/wiki/Nihad_Mujaki%C4%87
Bosnia and Herzegovina,Dennis Hadžikadunić,https://en.wikipedia.org/wiki/Dennis_Had%C5%BEikaduni%C4%87
Bosnia and Herzegovina,Tarik Muharemović,https://en.wikipedia.org/wiki/Tarik_Muharemovi%C4%87
Bosnia and Herzegovina,Sead Kolašinac,https://en.wikipedia.org/wiki/Sead_Kola%C5%A1inac
Bosnia and Herzegovina,Benjamin Tahirović,https://en.wikipedia.org/wiki/Benjamin_Tahirovi%C4%87
Bosnia and Herzegovina,Amar Dedić,https://en.wikipedia.org/wiki/Amar_Dedi%C4%87
Bosnia and Herzegovina,Armin Gigović,https://en.wikipedia.org/wiki/Armin_Gigovi%C4%87
Bosnia and Herzegovina,Samed Baždar,https://en.wikipedia.org/wiki/Samed_Ba%C5%BEdar
Bosnia and Herzegovina,Ermedin Demirović,https://en.wikipedia.org/wiki/Ermedin_Demirovi%C4%87
Bosnia and Herzegovina,Edin Džeko,https://en.wikipedia.org/wiki/Edin_D%C5%BEeko
Bosnia and Herzegovina,Mladen Jurkas,https://en.wikipedia.org/wiki/Mladen_Jurkas
Bosnia and Herzegovina,Ivan Bašić,https://en.wikipedia.org/wiki/Ivan_Ba%C5%A1i%C4%87
Bosnia and Herzegovina,Ivan Šunjić,https://en.wikipedia.org/wiki/Ivan_%C5%A0unji%C4%87
Bosnia and Herzegovina,Amar Memić,https://en.wikipedia.org/wiki/Amar_Memi%C4%87
Bosnia and Herzegovina,Amir Hadžiahmetović,https://en.wikipedia.org/wiki/Amir_Had%C5%BEiahmetovi%C4%87
Bosnia and Herzegovina,Dženis Burnić,https://en.wikipedia.org/wiki/D%C5%BEenis_Burni%C4%87
Bosnia and Herzegovina,Nikola Katić,https://en.wikipedia.org/wiki/Nikola_Kati%C4%87
Bosnia and Herzegovina,Kerim Alajbegović,https://en.wikipedia.org/wiki/Kerim_Alajbegovi%C4%87
Bosnia and Herzegovina,Esmir Bajraktarević,https://en.wikipedia.org/wiki/Esmir_Bajraktarevi%C4%87
Bosnia and Herzegovina,Stjepan Radeljić,https://en.wikipedia.org/wiki/Stjepan_Radelji%C4%87
Bosnia and Herzegovina,Martin Zlomislić,https://en.wikipedia.org/wiki/Martin_Zlomisli%C4%87
Bosnia and Herzegovina,Haris Tabaković,https://en.wikipedia.org/wiki/Haris_Tabakovi%C4%87
Bosnia and Herzegovina,Arjan Malić,https://en.wikipedia.org/wiki/Arjan_Mali%C4%87
Bosnia and Herzegovina,Jovo Lukić,https://en.wikipedia.org/wiki/Jovo_Luki%C4%87
Bosnia and Herzegovina,Ermin Mahmić,https://en.wikipedia.org/wiki/Ermin_Mahmi%C4%87
Canada,Dayne St. Clair,https://en.wikipedia.org/wiki/Dayne_St._Clair
Canada,Alistair Johnston,https://en.wikipedia.org/wiki/Alistair_Johnston
Canada,Alfie Jones,https://en.wikipedia.org/wiki/Alfie_Jones
Canada,Luc de Fougerolles,https://en.wikipedia.org/wiki/Luc_de_Fougerolles
Canada,Joel Waterman,https://en.wikipedia.org/wiki/Joel_Waterman
Canada,Mathieu Choinière,https://en.wikipedia.org/wiki/Mathieu_Choini%C3%A8re
Canada,Stephen Eustáquio,https://en.wikipedia.org/wiki/Stephen_Eust%C3%A1quio
Canada,Ismaël Koné,https://en.wikipedia.org/wiki/Isma%C3%ABl_Kon%C3%A9
Canada,Cyle Larin,https://en.wikipedia.org/wiki/Cyle_Larin
Canada,Jonathan David,https://en.wikipedia.org/wiki/Jonathan_David
Canada,Liam Millar,https://en.wikipedia.org/wiki/Liam_Millar
Canada,Tani Oluwaseyi,https://en.wikipedia.org/wiki/Tani_Oluwaseyi
Canada,Derek Cornelius,https://en.wikipedia.org/wiki/Derek_Cornelius
Canada,Jacob Shaffelburg,https://en.wikipedia.org/wiki/Jacob_Shaffelburg
Canada,Moïse Bombito,https://en.wikipedia.org/wiki/Mo%C3%AFse_Bombito
Canada,Maxime Crépeau,https://en.wikipedia.org/wiki/Maxime_Cr%C3%A9peau
Canada,Tajon Buchanan,https://en.wikipedia.org/wiki/Tajon_Buchanan
Canada,Owen Goodman,https://en.wikipedia.org/wiki/Owen_Goodman
Canada,Alphonso Davies,https://en.wikipedia.org/wiki/Alphonso_Davies
Canada,Ali Ahmed,https://en.wikipedia.org/wiki/Ali_Ahmed_(soccer)
Canada,Jonathan Osorio,https://en.wikipedia.org/wiki/Jonathan_Osorio
Canada,Richie Laryea,https://en.wikipedia.org/wiki/Richie_Laryea
Canada,Niko Sigur,https://en.wikipedia.org/wiki/Niko_Sigur
Canada,Promise David,https://en.wikipedia.org/wiki/Promise_David
Canada,Nathan Saliba,https://en.wikipedia.org/wiki/Nathan_Saliba
Canada,Jayden Nelson,https://en.wikipedia.org/wiki/Jayden_Nelson
Qatar,Mahmud Abunada,https://en.wikipedia.org/wiki/Mahmud_Abunada
Qatar,Pedro Miguel,https://en.wikipedia.org/wiki/Pedro_Miguel_(footballer)
Qatar,Lucas Mendes,"https://en.wikipedia.org/wiki/Lucas_Mendes_(footballer,_born_1990)"
Qatar,Issa Laye,https://en.wikipedia.org/wiki/Issa_Laye
Qatar,Jassem Gaber,https://en.wikipedia.org/wiki/Jassem_Gaber
Qatar,Abdulaziz Hatem,https://en.wikipedia.org/wiki/Abdulaziz_Hatem
Qatar,Ahmed Alaaeldin,https://en.wikipedia.org/wiki/Ahmed_Alaaeldin
Qatar,Edmilson Junior,https://en.wikipedia.org/wiki/Edmilson_Junior
Qatar,Mohammed Muntari,https://en.wikipedia.org/wiki/Mohammed_Muntari
Qatar,Hassan Al-Haydos,https://en.wikipedia.org/wiki/Hassan_Al-Haydos
Qatar,Akram Afif,https://en.wikipedia.org/wiki/Akram_Afif
Qatar,Karim Boudiaf,https://en.wikipedia.org/wiki/Karim_Boudiaf
Qatar,Ayoub Al-Oui,https://en.wikipedia.org/wiki/Ayoub_Al-Oui
Qatar,Homam Ahmed,https://en.wikipedia.org/wiki/Homam_Ahmed
Qatar,Yusuf Abdurisag,https://en.wikipedia.org/wiki/Yusuf_Abdurisag
Qatar,Boualem Khoukhi,https://en.wikipedia.org/wiki/Boualem_Khoukhi
Qatar,Ahmed Al-Ganehi,https://en.wikipedia.org/wiki/Ahmed_Al-Ganehi
Qatar,Sultan Al-Brake,https://en.wikipedia.org/wiki/Sultan_Al-Brake
Qatar,Almoez Ali,https://en.wikipedia.org/wiki/Almoez_Ali
Qatar,Ahmed Fathy,https://en.wikipedia.org/wiki/Ahmed_Fathy_(Qatari_footballer)
Qatar,Salah Zakaria,https://en.wikipedia.org/wiki/Salah_Zakaria
Qatar,Meshaal Barsham,https://en.wikipedia.org/wiki/Meshaal_Barsham
Qatar,Assim Madibo,https://en.wikipedia.org/wiki/Assim_Madibo
Qatar,Tahsin Jamshid,https://en.wikipedia.org/wiki/Tahsin_Jamshid
Qatar,Al-Hashmi Al-Hussain,https://en.wikipedia.org/wiki/Al-Hashmi_Al-Hussain
Qatar,Mohamed Manai,https://en.wikipedia.org/wiki/Mohamed_Manai
Switzerland,Gregor Kobel,https://en.wikipedia.org/wiki/Gregor_Kobel
Switzerland,Miro Muheim,https://en.wikipedia.org/wiki/Miro_Muheim
Switzerland,Silvan Widmer,https://en.wikipedia.org/wiki/Silvan_Widmer
Switzerland,Nico Elvedi,https://en.wikipedia.org/wiki/Nico_Elvedi
Switzerland,Manuel Akanji,https://en.wikipedia.org/wiki/Manuel_Akanji
Switzerland,Denis Zakaria,https://en.wikipedia.org/wiki/Denis_Zakaria
Switzerland,Breel Embolo,https://en.wikipedia.org/wiki/Breel_Embolo
Switzerland,Remo Freuler,https://en.wikipedia.org/wiki/Remo_Freuler
Switzerland,Johan Manzambi,https://en.wikipedia.org/wiki/Johan_Manzambi
Switzerland,Granit Xhaka,https://en.wikipedia.org/wiki/Granit_Xhaka
Switzerland,Dan Ndoye,https://en.wikipedia.org/wiki/Dan_Ndoye
Switzerland,Yvon Mvogo,https://en.wikipedia.org/wiki/Yvon_Mvogo
Switzerland,Ricardo Rodriguez,https://en.wikipedia.org/wiki/Ricardo_Rodriguez_(footballer)
Switzerland,Ardon Jashari,https://en.wikipedia.org/wiki/Ardon_Jashari
Switzerland,Djibril Sow,https://en.wikipedia.org/wiki/Djibril_Sow
Switzerland,Christian Fassnacht,https://en.wikipedia.org/wiki/Christian_Fassnacht
Switzerland,Rubén Vargas,https://en.wikipedia.org/wiki/Rub%C3%A9n_Vargas
Switzerland,Eray Cömert,https://en.wikipedia.org/wiki/Eray_C%C3%B6mert
Switzerland,Noah Okafor,https://en.wikipedia.org/wiki/Noah_Okafor
Switzerland,Michel Aebischer,https://en.wikipedia.org/wiki/Michel_Aebischer
Switzerland,Marvin Keller,https://en.wikipedia.org/wiki/Marvin_Keller_(footballer)
Switzerland,Fabian Rieder,https://en.wikipedia.org/wiki/Fabian_Rieder
Switzerland,Zeki Amdouni,https://en.wikipedia.org/wiki/Zeki_Amdouni
Switzerland,Aurèle Amenda,https://en.wikipedia.org/wiki/Aur%C3%A8le_Amenda
Switzerland,Luca Jaquez,https://en.wikipedia.org/wiki/Luca_Jaquez
Switzerland,Cedric Itten,https://en.wikipedia.org/wiki/Cedric_Itten
Brazil,Alisson,https://en.wikipedia.org/wiki/Alisson_Becker
Brazil,Éderson Silva,"https://en.wikipedia.org/wiki/%C3%89derson_(footballer,_born_1999)"
Brazil,Gabriel Magalhães,https://en.wikipedia.org/wiki/Gabriel_Magalh%C3%A3es
Brazil,Marquinhos,https://en.wikipedia.org/wiki/Marquinhos
Brazil,Casemiro,https://en.wikipedia.org/wiki/Casemiro
Brazil,Alex Sandro,https://en.wikipedia.org/wiki/Alex_Sandro
Brazil,Vinícius Júnior,https://en.wikipedia.org/wiki/Vin%C3%ADcius_J%C3%BAnior
Brazil,Bruno Guimarães,https://en.wikipedia.org/wiki/Bruno_Guimar%C3%A3es
Brazil,Matheus Cunha,https://en.wikipedia.org/wiki/Matheus_Cunha
Brazil,Neymar,https://en.wikipedia.org/wiki/Neymar
Brazil,Raphinha,https://en.wikipedia.org/wiki/Raphinha
Brazil,Weverton,"https://en.wikipedia.org/wiki/Weverton_(footballer,_born_1987)"
Brazil,Danilo Luiz,"https://en.wikipedia.org/wiki/Danilo_(footballer,_born_July_1991)"
Brazil,Bremer,https://en.wikipedia.org/wiki/Gleison_Bremer
Brazil,Léo Pereira,"https://en.wikipedia.org/wiki/L%C3%A9o_Pereira_(footballer,_born_1996)"
Brazil,Douglas Santos,"https://en.wikipedia.org/wiki/Douglas_Santos_(footballer,_born_1994)"
Brazil,Fabinho,"https://en.wikipedia.org/wiki/Fabinho_(footballer,_born_1993)"
Brazil,Danilo Santos,"https://en.wikipedia.org/wiki/Danilo_(footballer,_born_2001)"
Brazil,Endrick,"https://en.wikipedia.org/wiki/Endrick_(footballer,_born_2006)"
Brazil,Lucas Paquetá,https://en.wikipedia.org/wiki/Lucas_Paquet%C3%A1
Brazil,Luiz Henrique,"https://en.wikipedia.org/wiki/Luiz_Henrique_(footballer,_born_2001)"
Brazil,Gabriel Martinelli,https://en.wikipedia.org/wiki/Gabriel_Martinelli
Brazil,Ederson Moraes,"https://en.wikipedia.org/wiki/Ederson_(footballer,_born_1993)"
Brazil,Roger Ibañez,https://en.wikipedia.org/wiki/Roger_Iba%C3%B1ez
Brazil,Igor Thiago,https://en.wikipedia.org/wiki/Igor_Thiago
Brazil,Rayan,"https://en.wikipedia.org/wiki/Rayan_(footballer,_born_2006)"
Haiti,Johny Placide,https://en.wikipedia.org/wiki/Johny_Placide
Haiti,Carlens Arcus,https://en.wikipedia.org/wiki/Carlens_Arcus
Haiti,Keeto Thermoncy,https://en.wikipedia.org/wiki/Keeto_Thermoncy
Haiti,Ricardo Adé,https://en.wikipedia.org/wiki/Ricardo_Ad%C3%A9
Haiti,Hannes Delcroix,https://en.wikipedia.org/wiki/Hannes_Delcroix
Haiti,Carl Sainté,https://en.wikipedia.org/wiki/Carl_Saint%C3%A9
Haiti,Derrick Etienne Jr.,https://en.wikipedia.org/wiki/Derrick_Etienne_Jr.
Haiti,Martin Expérience,https://en.wikipedia.org/wiki/Martin_Exp%C3%A9rience
Haiti,Duckens Nazon,https://en.wikipedia.org/wiki/Duckens_Nazon
Haiti,Jean-Ricner Bellegarde,https://en.wikipedia.org/wiki/Jean-Ricner_Bellegarde
Haiti,Louicius Deedson,https://en.wikipedia.org/wiki/Louicius_Deedson
Haiti,Alexandre Pierre,https://en.wikipedia.org/wiki/Alexandre_Pierre
Haiti,Duke Lacroix,https://en.wikipedia.org/wiki/Duke_Lacroix
Haiti,Garven Metusala,https://en.wikipedia.org/wiki/Garven_Metusala
Haiti,Ruben Providence,https://en.wikipedia.org/wiki/Ruben_Providence
Haiti,Lenny Joseph,https://en.wikipedia.org/wiki/Lenny_Joseph
Haiti,Danley Jean Jacques,https://en.wikipedia.org/wiki/Danley_Jean_Jacques
Haiti,Wilson Isidor,https://en.wikipedia.org/wiki/Wilson_Isidor
Haiti,Yassin Fortuné,https://en.wikipedia.org/wiki/Yassin_Fortun%C3%A9
Haiti,Frantzdy Pierrot,https://en.wikipedia.org/wiki/Frantzdy_Pierrot
Haiti,Josué Casimir,https://en.wikipedia.org/wiki/Josu%C3%A9_Casimir
Haiti,Jean-Kévin Duverne,https://en.wikipedia.org/wiki/Jean-K%C3%A9vin_Duverne
Haiti,Josué Duverger,https://en.wikipedia.org/wiki/Josu%C3%A9_Duverger
Haiti,Wilguens Paugain,https://en.wikipedia.org/wiki/Wilguens_Paugain
Haiti,Dominique Simon,https://en.wikipedia.org/wiki/Dominique_Simon
Haiti,Woodensky Pierre,https://en.wikipedia.org/wiki/Woodensky_Pierre
Morocco,Yassine Bounou,https://en.wikipedia.org/wiki/Yassine_Bounou
Morocco,Achraf Hakimi,https://en.wikipedia.org/wiki/Achraf_Hakimi
Morocco,Noussair Mazraoui,https://en.wikipedia.org/wiki/Noussair_Mazraoui
Morocco,Sofyan Amrabat,https://en.wikipedia.org/wiki/Sofyan_Amrabat
Morocco,Marwane Saâdane,https://en.wikipedia.org/wiki/Marwane_Sa%C3%A2dane
Morocco,Ayyoub Bouaddi,https://en.wikipedia.org/wiki/Ayyoub_Bouaddi
Morocco,Chemsdine Talbi,https://en.wikipedia.org/wiki/Chemsdine_Talbi
Morocco,Azzedine Ounahi,https://en.wikipedia.org/wiki/Azzedine_Ounahi
Morocco,Soufiane Rahimi,https://en.wikipedia.org/wiki/Soufiane_Rahimi
Morocco,Brahim Díaz,https://en.wikipedia.org/wiki/Brahim_D%C3%ADaz
Morocco,Ismael Saibari,https://en.wikipedia.org/wiki/Ismael_Saibari
Morocco,Munir Mohamedi,https://en.wikipedia.org/wiki/Munir_Mohamedi
Morocco,Zakaria El Ouahdi,https://en.wikipedia.org/wiki/Zakaria_El_Ouahdi
Morocco,Issa Diop,https://en.wikipedia.org/wiki/Issa_Diop_(footballer)
Morocco,Samir El Mourabet,https://en.wikipedia.org/wiki/Samir_El_Mourabet
Morocco,Gessime Yassine,https://en.wikipedia.org/wiki/Gessime_Yassine
Morocco,Amine Sbaï,https://en.wikipedia.org/wiki/Amine_Sba%C3%AF
Morocco,Chadi Riad,https://en.wikipedia.org/wiki/Chadi_Riad
Morocco,Youssef Belammari,https://en.wikipedia.org/wiki/Youssef_Belammari
Morocco,Ayoub El Kaabi,https://en.wikipedia.org/wiki/Ayoub_El_Kaabi
Morocco,Ayoube Amaimouni,https://en.wikipedia.org/wiki/Ayoube_Amaimouni
Morocco,Ahmed Reda Tagnaouti,https://en.wikipedia.org/wiki/Ahmed_Reda_Tagnaouti
Morocco,Bilal El Khannouss,https://en.wikipedia.org/wiki/Bilal_El_Khannouss
Morocco,Neil El Aynaoui,https://en.wikipedia.org/wiki/Neil_El_Aynaoui
Morocco,Redouane Halhal,https://en.wikipedia.org/wiki/Redouane_Halhal
Morocco,Anass Salah-Eddine,https://en.wikipedia.org/wiki/Anass_Salah-Eddine
Scotland,Angus Gunn,https://en.wikipedia.org/wiki/Angus_Gunn
Scotland,Aaron Hickey,https://en.wikipedia.org/wiki/Aaron_Hickey
Scotland,Andy Robertson,https://en.wikipedia.org/wiki/Andy_Robertson
Scotland,Scott McTominay,https://en.wikipedia.org/wiki/Scott_McTominay
Scotland,Grant Hanley,https://en.wikipedia.org/wiki/Grant_Hanley
Scotland,Kieran Tierney,https://en.wikipedia.org/wiki/Kieran_Tierney
Scotland,John McGinn,https://en.wikipedia.org/wiki/John_McGinn
Scotland,Tyler Fletcher,https://en.wikipedia.org/wiki/Tyler_Fletcher
Scotland,Lyndon Dykes,https://en.wikipedia.org/wiki/Lyndon_Dykes
Scotland,Ché Adams,https://en.wikipedia.org/wiki/Ch%C3%A9_Adams
Scotland,Ryan Christie,https://en.wikipedia.org/wiki/Ryan_Christie
Scotland,Liam Kelly,"https://en.wikipedia.org/wiki/Liam_Kelly_(footballer,_born_1996)"
Scotland,Jack Hendry,"https://en.wikipedia.org/wiki/Jack_Hendry_(footballer,_born_1995)"
Scotland,Ross Stewart,"https://en.wikipedia.org/wiki/Ross_Stewart_(footballer,_born_1996)"
Scotland,John Souttar,https://en.wikipedia.org/wiki/John_Souttar
Scotland,Dominic Hyam,https://en.wikipedia.org/wiki/Dominic_Hyam
Scotland,Ben Gannon-Doak,https://en.wikipedia.org/wiki/Ben_Gannon-Doak
Scotland,George Hirst,https://en.wikipedia.org/wiki/George_Hirst_(footballer)
Scotland,Lewis Ferguson,https://en.wikipedia.org/wiki/Lewis_Ferguson
Scotland,Lawrence Shankland,https://en.wikipedia.org/wiki/Lawrence_Shankland
Scotland,Craig Gordon,https://en.wikipedia.org/wiki/Craig_Gordon
Scotland,Nathan Patterson,https://en.wikipedia.org/wiki/Nathan_Patterson_(footballer)
Scotland,Kenny McLean,https://en.wikipedia.org/wiki/Kenny_McLean
Scotland,Anthony Ralston,https://en.wikipedia.org/wiki/Anthony_Ralston
Scotland,Findlay Curtis,https://en.wikipedia.org/wiki/Findlay_Curtis
Scotland,Scott McKenna,https://en.wikipedia.org/wiki/Scott_McKenna
Australia,Mathew Ryan,https://en.wikipedia.org/wiki/Mathew_Ryan
Australia,Miloš Degenek,https://en.wikipedia.org/wiki/Milo%C5%A1_Degenek
Australia,Alessandro Circati,https://en.wikipedia.org/wiki/Alessandro_Circati
Australia,Jacob Italiano,https://en.wikipedia.org/wiki/Jacob_Italiano
Australia,Jordan Bos,https://en.wikipedia.org/wiki/Jordan_Bos
Australia,Jason Geria,https://en.wikipedia.org/wiki/Jason_Geria
Australia,Mathew Leckie,https://en.wikipedia.org/wiki/Mathew_Leckie
Australia,Connor Metcalfe,https://en.wikipedia.org/wiki/Connor_Metcalfe
Australia,Mohamed Touré,"https://en.wikipedia.org/wiki/Mohamed_Tour%C3%A9_(soccer,_born_2004)"
Australia,Ajdin Hrustic,https://en.wikipedia.org/wiki/Ajdin_Hrustic
Australia,Awer Mabil,https://en.wikipedia.org/wiki/Awer_Mabil
Australia,Paul Izzo,https://en.wikipedia.org/wiki/Paul_Izzo
Australia,Aiden O'Neill,https://en.wikipedia.org/wiki/Aiden_O%27Neill
Australia,Cammy Devlin,https://en.wikipedia.org/wiki/Cammy_Devlin
Australia,Kai Trewin,https://en.wikipedia.org/wiki/Kai_Trewin
Australia,Aziz Behich,https://en.wikipedia.org/wiki/Aziz_Behich
Australia,Nestory Irankunda,https://en.wikipedia.org/wiki/Nestory_Irankunda
Australia,Patrick Beach,https://en.wikipedia.org/wiki/Patrick_Beach
Australia,Harry Souttar,https://en.wikipedia.org/wiki/Harry_Souttar
Australia,Cristian Volpato,https://en.wikipedia.org/wiki/Cristian_Volpato
Australia,Cameron Burgess,https://en.wikipedia.org/wiki/Cameron_Burgess
Australia,Jackson Irvine,https://en.wikipedia.org/wiki/Jackson_Irvine
Australia,Nishan Velupillay,https://en.wikipedia.org/wiki/Nishan_Velupillay
Australia,Paul Okon-Engstler,https://en.wikipedia.org/wiki/Paul_Okon-Engstler
Australia,Lucas Herrington,https://en.wikipedia.org/wiki/Lucas_Herrington
Australia,Tete Yengi,https://en.wikipedia.org/wiki/Tete_Yengi
Paraguay,Gatito Fernández,https://en.wikipedia.org/wiki/Gatito_Fern%C3%A1ndez
Paraguay,Gustavo Velázquez,https://en.wikipedia.org/wiki/Gustavo_Vel%C3%A1zquez
Paraguay,Omar Alderete,https://en.wikipedia.org/wiki/Omar_Alderete
Paraguay,Juan José Cáceres,https://en.wikipedia.org/wiki/Juan_Jos%C3%A9_C%C3%A1ceres
Paraguay,Fabián Balbuena,https://en.wikipedia.org/wiki/Fabi%C3%A1n_Balbuena
Paraguay,Júnior Alonso,https://en.wikipedia.org/wiki/J%C3%BAnior_Alonso
Paraguay,Ramón Sosa,https://en.wikipedia.org/wiki/Ram%C3%B3n_Sosa
Paraguay,Diego Gómez,https://en.wikipedia.org/wiki/Diego_G%C3%B3mez_(Paraguayan_footballer)
Paraguay,Antonio Sanabria,https://en.wikipedia.org/wiki/Antonio_Sanabria
Paraguay,Miguel Almirón,https://en.wikipedia.org/wiki/Miguel_Almir%C3%B3n
Paraguay,Maurício,"https://en.wikipedia.org/wiki/Maur%C3%ADcio_(footballer,_born_2001)"
Paraguay,Orlando Gill,https://en.wikipedia.org/wiki/Orlando_Gill
Paraguay,José Canale,https://en.wikipedia.org/wiki/Jos%C3%A9_Canale
Paraguay,Andrés Cubas,https://en.wikipedia.org/wiki/Andr%C3%A9s_Cubas
Paraguay,Gustavo Gómez,https://en.wikipedia.org/wiki/Gustavo_G%C3%B3mez
Paraguay,Damián Bobadilla,https://en.wikipedia.org/wiki/Dami%C3%A1n_Bobadilla
Paraguay,Kaku,https://en.wikipedia.org/wiki/Kaku_(footballer)
Paraguay,Álex Arce,https://en.wikipedia.org/wiki/%C3%81lex_Arce
Paraguay,Julio Enciso,"https://en.wikipedia.org/wiki/Julio_Enciso_(footballer,_born_2004)"
Paraguay,Braian Ojeda,https://en.wikipedia.org/wiki/Braian_Ojeda
Paraguay,Gabriel Ávalos,https://en.wikipedia.org/wiki/Gabriel_%C3%81valos
Paraguay,Gastón Olveira,https://en.wikipedia.org/wiki/Gast%C3%B3n_Olveira
Paraguay,Matías Galarza,https://en.wikipedia.org/wiki/Mat%C3%ADas_Galarza_(Paraguayan_footballer)
Paraguay,Gustavo Caballero,https://en.wikipedia.org/wiki/Gustavo_Caballero
Paraguay,Isidro Pitta,https://en.wikipedia.org/wiki/Isidro_Pitta
Paraguay,Alexandro Maidana,https://en.wikipedia.org/wiki/Alexandro_Maidana
Turkey,Mert Günok,https://en.wikipedia.org/wiki/Mert_G%C3%BCnok
Turkey,Zeki Çelik,https://en.wikipedia.org/wiki/Zeki_%C3%87elik
Turkey,Merih Demiral,https://en.wikipedia.org/wiki/Merih_Demiral
Turkey,Çağlar Söyüncü,https://en.wikipedia.org/wiki/%C3%87a%C4%9Flar_S%C3%B6y%C3%BCnc%C3%BC
Turkey,Salih Özcan,https://en.wikipedia.org/wiki/Salih_%C3%96zcan
Turkey,Orkun Kökçü,https://en.wikipedia.org/wiki/Orkun_K%C3%B6k%C3%A7%C3%BC
Turkey,Kerem Aktürkoğlu,https://en.wikipedia.org/wiki/Kerem_Akt%C3%BCrko%C4%9Flu
Turkey,Arda Güler,https://en.wikipedia.org/wiki/Arda_G%C3%BCler
Turkey,Deniz Gül,https://en.wikipedia.org/wiki/Deniz_G%C3%BCl
Turkey,Hakan Çalhanoğlu,https://en.wikipedia.org/wiki/Hakan_%C3%87alhano%C4%9Flu
Turkey,Kenan Yıldız,https://en.wikipedia.org/wiki/Kenan_Y%C4%B1ld%C4%B1z
Turkey,Altay Bayındır,https://en.wikipedia.org/wiki/Altay_Bay%C4%B1nd%C4%B1r
Turkey,Eren Elmalı,https://en.wikipedia.org/wiki/Eren_Elmal%C4%B1
Turkey,Abdülkerim Bardakcı,https://en.wikipedia.org/wiki/Abd%C3%BClkerim_Bardakc%C4%B1
Turkey,Ozan Kabak,https://en.wikipedia.org/wiki/Ozan_Kabak
Turkey,İsmail Yüksek,https://en.wikipedia.org/wiki/%C4%B0smail_Y%C3%BCksek
Turkey,İrfan Can Kahveci,https://en.wikipedia.org/wiki/%C4%B0rfan_Can_Kahveci
Turkey,Mert Müldür,https://en.wikipedia.org/wiki/Mert_M%C3%BCld%C3%BCr
Turkey,Yunus Akgün,https://en.wikipedia.org/wiki/Yunus_Akg%C3%BCn
Turkey,Ferdi Kadıoğlu,https://en.wikipedia.org/wiki/Ferdi_Kad%C4%B1o%C4%9Flu
Turkey,Barış Alper Yılmaz,https://en.wikipedia.org/wiki/Bar%C4%B1%C5%9F_Alper_Y%C4%B1lmaz
Turkey,Kaan Ayhan,https://en.wikipedia.org/wiki/Kaan_Ayhan
Turkey,Uğurcan Çakır,https://en.wikipedia.org/wiki/U%C4%9Furcan_%C3%87ak%C4%B1r
Turkey,Oğuz Aydın,https://en.wikipedia.org/wiki/O%C4%9Fuz_Ayd%C4%B1n
Turkey,Samet Akaydin,https://en.wikipedia.org/wiki/Samet_Akaydin
Turkey,Can Uzun,https://en.wikipedia.org/wiki/Can_Uzun
United States,Matt Turner,https://en.wikipedia.org/wiki/Matt_Turner_(soccer)
United States,Sergiño Dest,https://en.wikipedia.org/wiki/Sergi%C3%B1o_Dest
United States,Chris Richards,https://en.wikipedia.org/wiki/Chris_Richards_(soccer)
United States,Tyler Adams,https://en.wikipedia.org/wiki/Tyler_Adams
United States,Antonee Robinson,https://en.wikipedia.org/wiki/Antonee_Robinson
United States,Auston Trusty,https://en.wikipedia.org/wiki/Auston_Trusty
United States,Giovanni Reyna,https://en.wikipedia.org/wiki/Giovanni_Reyna
United States,Weston McKennie,https://en.wikipedia.org/wiki/Weston_McKennie
United States,Ricardo Pepi,https://en.wikipedia.org/wiki/Ricardo_Pepi
United States,Christian Pulisic,https://en.wikipedia.org/wiki/Christian_Pulisic
United States,Brenden Aaronson,https://en.wikipedia.org/wiki/Brenden_Aaronson
United States,Miles Robinson,https://en.wikipedia.org/wiki/Miles_Robinson_(soccer)
United States,Tim Ream,https://en.wikipedia.org/wiki/Tim_Ream
United States,Sebastian Berhalter,https://en.wikipedia.org/wiki/Sebastian_Berhalter
United States,Cristian Roldan,https://en.wikipedia.org/wiki/Cristian_Roldan
United States,Alex Freeman,https://en.wikipedia.org/wiki/Alex_Freeman
United States,Malik Tillman,https://en.wikipedia.org/wiki/Malik_Tillman
United States,Max Arfsten,https://en.wikipedia.org/wiki/Max_Arfsten
United States,Haji Wright,https://en.wikipedia.org/wiki/Haji_Wright
United States,Folarin Balogun,https://en.wikipedia.org/wiki/Folarin_Balogun
United States,Timothy Weah,https://en.wikipedia.org/wiki/Timothy_Weah
United States,Mark McKenzie,"https://en.wikipedia.org/wiki/Mark_McKenzie_(soccer,_born_1999)"
United States,Joe Scally,https://en.wikipedia.org/wiki/Joe_Scally
United States,Matt Freese,https://en.wikipedia.org/wiki/Matt_Freese
United States,Chris Brady,https://en.wikipedia.org/wiki/Chris_Brady_(soccer)
United States,Alejandro Zendejas,https://en.wikipedia.org/wiki/Alejandro_Zendejas
Curaçao,Eloy Room,https://en.wikipedia.org/wiki/Eloy_Room
Curaçao,Shurandy Sambo,https://en.wikipedia.org/wiki/Shurandy_Sambo
Curaçao,Juriën Gaari,https://en.wikipedia.org/wiki/Juri%C3%ABn_Gaari
Curaçao,Roshon van Eijma,https://en.wikipedia.org/wiki/Roshon_van_Eijma
Curaçao,Sherel Floranus,https://en.wikipedia.org/wiki/Sherel_Floranus
Curaçao,Godfried Roemeratoe,https://en.wikipedia.org/wiki/Godfried_Roemeratoe
Curaçao,Juninho Bacuna,https://en.wikipedia.org/wiki/Juninho_Bacuna
Curaçao,Livano Comenencia,https://en.wikipedia.org/wiki/Livano_Comenencia
Curaçao,Jürgen Locadia,https://en.wikipedia.org/wiki/J%C3%BCrgen_Locadia
Curaçao,Leandro Bacuna,https://en.wikipedia.org/wiki/Leandro_Bacuna
Curaçao,Jeremy Antonisse,https://en.wikipedia.org/wiki/Jeremy_Antonisse
Curaçao,Sontje Hansen,https://en.wikipedia.org/wiki/Sontje_Hansen
Curaçao,Tyrese Noslin,https://en.wikipedia.org/wiki/Tyrese_Noslin
Curaçao,Kenji Gorré,https://en.wikipedia.org/wiki/Kenji_Gorr%C3%A9
Curaçao,Ar'jany Martha,https://en.wikipedia.org/wiki/Ar%27jany_Martha
Curaçao,Jearl Margaritha,https://en.wikipedia.org/wiki/Jearl_Margaritha
Curaçao,Brandley Kuwas,https://en.wikipedia.org/wiki/Brandley_Kuwas
Curaçao,Armando Obispo,https://en.wikipedia.org/wiki/Armando_Obispo
Curaçao,Gervane Kastaneer,https://en.wikipedia.org/wiki/Gervane_Kastaneer
Curaçao,Joshua Brenet,https://en.wikipedia.org/wiki/Joshua_Brenet
Curaçao,Tahith Chong,https://en.wikipedia.org/wiki/Tahith_Chong
Curaçao,Kevin Felida,https://en.wikipedia.org/wiki/Kevin_Felida
Curaçao,Riechedly Bazoer,https://en.wikipedia.org/wiki/Riechedly_Bazoer
Curaçao,Deveron Fonville,https://en.wikipedia.org/wiki/Deveron_Fonville
Curaçao,Tyrick Bodak,https://en.wikipedia.org/wiki/Tyrick_Bodak
Curaçao,Trevor Doornbusch,https://en.wikipedia.org/wiki/Trevor_Doornbusch
Ecuador,Hernán Galíndez,https://en.wikipedia.org/wiki/Hern%C3%A1n_Gal%C3%ADndez
Ecuador,Félix Torres,"https://en.wikipedia.org/wiki/F%C3%A9lix_Torres_(footballer,_born_1997)"
Ecuador,Piero Hincapié,https://en.wikipedia.org/wiki/Piero_Hincapi%C3%A9
Ecuador,Joel Ordóñez,https://en.wikipedia.org/wiki/Joel_Ord%C3%B3%C3%B1ez
Ecuador,Jordy Alcívar,https://en.wikipedia.org/wiki/Jordy_Alc%C3%ADvar
Ecuador,Willian Pacho,https://en.wikipedia.org/wiki/Willian_Pacho
Ecuador,Pervis Estupiñán,https://en.wikipedia.org/wiki/Pervis_Estupi%C3%B1%C3%A1n
Ecuador,Anthony Valencia,https://en.wikipedia.org/wiki/Anthony_Valencia
Ecuador,John Yeboah,https://en.wikipedia.org/wiki/John_Yeboah
Ecuador,Kendry Páez,https://en.wikipedia.org/wiki/Kendry_P%C3%A1ez
Ecuador,Kevin Rodríguez,"https://en.wikipedia.org/wiki/Kevin_Rodr%C3%ADguez_(footballer,_born_2000)"
Ecuador,Moisés Ramírez,https://en.wikipedia.org/wiki/Mois%C3%A9s_Ram%C3%ADrez
Ecuador,Enner Valencia,https://en.wikipedia.org/wiki/Enner_Valencia
Ecuador,Alan Minda,https://en.wikipedia.org/wiki/Alan_Minda
Ecuador,Pedro Vite,https://en.wikipedia.org/wiki/Pedro_Vite
Ecuador,Jordy Caicedo,https://en.wikipedia.org/wiki/Jordy_Caicedo
Ecuador,Ángelo Preciado,https://en.wikipedia.org/wiki/%C3%81ngelo_Preciado
Ecuador,Denil Castillo,https://en.wikipedia.org/wiki/Denil_Castillo
Ecuador,Gonzalo Plata,https://en.wikipedia.org/wiki/Gonzalo_Plata
Ecuador,Nilson Angulo,https://en.wikipedia.org/wiki/Nilson_Angulo
Ecuador,Alan Franco,"https://en.wikipedia.org/wiki/Alan_Franco_(footballer,_born_1998)"
Ecuador,Gonzalo Valle,https://en.wikipedia.org/wiki/Gonzalo_Valle
Ecuador,Moisés Caicedo,https://en.wikipedia.org/wiki/Mois%C3%A9s_Caicedo
Ecuador,Jeremy Arévalo,https://en.wikipedia.org/wiki/Jeremy_Ar%C3%A9valo
Ecuador,Jackson Porozo,https://en.wikipedia.org/wiki/Jackson_Porozo
Ecuador,Yaimar Medina,https://en.wikipedia.org/wiki/Yaimar_Medina
Germany,Manuel Neuer,https://en.wikipedia.org/wiki/Manuel_Neuer
Germany,Antonio Rüdiger,https://en.wikipedia.org/wiki/Antonio_R%C3%BCdiger
Germany,Waldemar Anton,https://en.wikipedia.org/wiki/Waldemar_Anton
Germany,Jonathan Tah,https://en.wikipedia.org/wiki/Jonathan_Tah
Germany,Aleksandar Pavlović,https://en.wikipedia.org/wiki/Aleksandar_Pavlovi%C4%87_(footballer)
Germany,Joshua Kimmich,https://en.wikipedia.org/wiki/Joshua_Kimmich
Germany,Kai Havertz,https://en.wikipedia.org/wiki/Kai_Havertz
Germany,Leon Goretzka,https://en.wikipedia.org/wiki/Leon_Goretzka
Germany,Jamie Leweling,https://en.wikipedia.org/wiki/Jamie_Leweling
Germany,Jamal Musiala,https://en.wikipedia.org/wiki/Jamal_Musiala
Germany,Nick Woltemade,https://en.wikipedia.org/wiki/Nick_Woltemade
Germany,Oliver Baumann,https://en.wikipedia.org/wiki/Oliver_Baumann
Germany,Pascal Groß,https://en.wikipedia.org/wiki/Pascal_Gro%C3%9F
Germany,Maximilian Beier,https://en.wikipedia.org/wiki/Maximilian_Beier
Germany,Nico Schlotterbeck,https://en.wikipedia.org/wiki/Nico_Schlotterbeck
Germany,Angelo Stiller,https://en.wikipedia.org/wiki/Angelo_Stiller
Germany,Florian Wirtz,https://en.wikipedia.org/wiki/Florian_Wirtz
Germany,Nathaniel Brown,https://en.wikipedia.org/wiki/Nathaniel_Brown_(footballer)
Germany,Leroy Sané,https://en.wikipedia.org/wiki/Leroy_San%C3%A9
Germany,Nadiem Amiri,https://en.wikipedia.org/wiki/Nadiem_Amiri
Germany,Alexander Nübel,https://en.wikipedia.org/wiki/Alexander_N%C3%BCbel
Germany,David Raum,https://en.wikipedia.org/wiki/David_Raum
Germany,Felix Nmecha,https://en.wikipedia.org/wiki/Felix_Nmecha
Germany,Malick Thiaw,https://en.wikipedia.org/wiki/Malick_Thiaw
Germany,Assan Ouédraogo,https://en.wikipedia.org/wiki/Assan_Ou%C3%A9draogo
Germany,Deniz Undav,https://en.wikipedia.org/wiki/Deniz_Undav
Ivory Coast,Yahia Fofana,https://en.wikipedia.org/wiki/Yahia_Fofana
Ivory Coast,Ousmane Diomande,https://en.wikipedia.org/wiki/Ousmane_Diomande
Ivory Coast,Ghislain Konan,https://en.wikipedia.org/wiki/Ghislain_Konan
Ivory Coast,Jean Michaël Seri,https://en.wikipedia.org/wiki/Jean_Micha%C3%ABl_Seri
Ivory Coast,Wilfried Singo,https://en.wikipedia.org/wiki/Wilfried_Singo
Ivory Coast,Seko Fofana,https://en.wikipedia.org/wiki/Seko_Fofana
Ivory Coast,Odilon Kossounou,https://en.wikipedia.org/wiki/Odilon_Kossounou
Ivory Coast,Franck Kessié,https://en.wikipedia.org/wiki/Franck_Kessi%C3%A9
Ivory Coast,Ange-Yoan Bonny,https://en.wikipedia.org/wiki/Ange-Yoan_Bonny
Ivory Coast,Simon Adingra,https://en.wikipedia.org/wiki/Simon_Adingra
Ivory Coast,Yan Diomande,https://en.wikipedia.org/wiki/Yan_Diomande
Ivory Coast,Elye Wahi,https://en.wikipedia.org/wiki/Elye_Wahi
Ivory Coast,Christopher Opéri,https://en.wikipedia.org/wiki/Christopher_Op%C3%A9ri
Ivory Coast,Oumar Diakité,https://en.wikipedia.org/wiki/Oumar_Diakit%C3%A9
Ivory Coast,Amad Diallo,https://en.wikipedia.org/wiki/Amad_Diallo
Ivory Coast,Mohamed Koné,"https://en.wikipedia.org/wiki/Mohamed_Kon%C3%A9_(footballer,_born_2002)"
Ivory Coast,Guéla Doué,https://en.wikipedia.org/wiki/Gu%C3%A9la_Dou%C3%A9
Ivory Coast,Ibrahim Sangaré,https://en.wikipedia.org/wiki/Ibrahim_Sangar%C3%A9_(Ivorian_footballer)
Ivory Coast,Nicolas Pépé,https://en.wikipedia.org/wiki/Nicolas_P%C3%A9p%C3%A9
Ivory Coast,Emmanuel Agbadou,https://en.wikipedia.org/wiki/Emmanuel_Agbadou
Ivory Coast,Evan Ndicka,https://en.wikipedia.org/wiki/Evan_Ndicka
Ivory Coast,Evann Guessand,https://en.wikipedia.org/wiki/Evann_Guessand
Ivory Coast,Alban Lafont,https://en.wikipedia.org/wiki/Alban_Lafont
Ivory Coast,Bazoumana Touré,https://en.wikipedia.org/wiki/Bazoumana_Tour%C3%A9
Ivory Coast,Parfait Guiagon,https://en.wikipedia.org/wiki/Parfait_Guiagon
Ivory Coast,Christ Inao Oulaï,https://en.wikipedia.org/wiki/Christ_Inao_Oula%C3%AF
Japan,Zion Suzuki,https://en.wikipedia.org/wiki/Zion_Suzuki
Japan,Yukinari Sugawara,https://en.wikipedia.org/wiki/Yukinari_Sugawara
Japan,Shōgo Taniguchi,https://en.wikipedia.org/wiki/Sh%C5%8Dgo_Taniguchi
Japan,Kō Itakura,https://en.wikipedia.org/wiki/K%C5%8D_Itakura
Japan,Yūto Nagatomo,https://en.wikipedia.org/wiki/Y%C5%ABto_Nagatomo
Japan,Shūto Machino,https://en.wikipedia.org/wiki/Sh%C5%ABto_Machino
Japan,Ao Tanaka,https://en.wikipedia.org/wiki/Ao_Tanaka
Japan,Takefusa Kubo,https://en.wikipedia.org/wiki/Takefusa_Kubo
Japan,Keisuke Gotō,https://en.wikipedia.org/wiki/Keisuke_Got%C5%8D
Japan,Ritsu Dōan,https://en.wikipedia.org/wiki/Ritsu_D%C5%8Dan
Japan,Daizen Maeda,https://en.wikipedia.org/wiki/Daizen_Maeda
Japan,Keisuke Ōsako,https://en.wikipedia.org/wiki/Keisuke_%C5%8Csako
Japan,Keito Nakamura,https://en.wikipedia.org/wiki/Keito_Nakamura
Japan,Junya Itō,https://en.wikipedia.org/wiki/Junya_It%C5%8D
Japan,Daichi Kamada,https://en.wikipedia.org/wiki/Daichi_Kamada
Japan,Tsuyoshi Watanabe,https://en.wikipedia.org/wiki/Tsuyoshi_Watanabe
Japan,Yuito Suzuki,https://en.wikipedia.org/wiki/Yuito_Suzuki
Japan,Ayase Ueda,https://en.wikipedia.org/wiki/Ayase_Ueda
Japan,Kōki Ogawa,https://en.wikipedia.org/wiki/K%C5%8Dki_Ogawa_(footballer)
Japan,Ayumu Seko,https://en.wikipedia.org/wiki/Ayumu_Seko
Japan,Hiroki Itō,"https://en.wikipedia.org/wiki/Hiroki_It%C5%8D_(footballer,_born_1999)"
Japan,Takehiro Tomiyasu,https://en.wikipedia.org/wiki/Takehiro_Tomiyasu
Japan,Tomoki Hayakawa,https://en.wikipedia.org/wiki/Tomoki_Hayakawa
Japan,Kaishū Sano,https://en.wikipedia.org/wiki/Kaish%C5%AB_Sano
Japan,Junnosuke Suzuki,https://en.wikipedia.org/wiki/Junnosuke_Suzuki
Japan,Kento Shiogai,https://en.wikipedia.org/wiki/Kento_Shiogai
Netherlands,Bart Verbruggen,https://en.wikipedia.org/wiki/Bart_Verbruggen
Netherlands,Lutsharel Geertruida,https://en.wikipedia.org/wiki/Lutsharel_Geertruida
Netherlands,Marten de Roon,https://en.wikipedia.org/wiki/Marten_de_Roon
Netherlands,Virgil van Dijk,https://en.wikipedia.org/wiki/Virgil_van_Dijk
Netherlands,Nathan Aké,https://en.wikipedia.org/wiki/Nathan_Ak%C3%A9
Netherlands,Jan Paul van Hecke,https://en.wikipedia.org/wiki/Jan_Paul_van_Hecke
Netherlands,Justin Kluivert,https://en.wikipedia.org/wiki/Justin_Kluivert
Netherlands,Ryan Gravenberch,https://en.wikipedia.org/wiki/Ryan_Gravenberch
Netherlands,Wout Weghorst,https://en.wikipedia.org/wiki/Wout_Weghorst
Netherlands,Memphis Depay,https://en.wikipedia.org/wiki/Memphis_Depay
Netherlands,Cody Gakpo,https://en.wikipedia.org/wiki/Cody_Gakpo
Netherlands,Mats Wieffer,https://en.wikipedia.org/wiki/Mats_Wieffer
Netherlands,Robin Roefs,https://en.wikipedia.org/wiki/Robin_Roefs
Netherlands,Tijjani Reijnders,https://en.wikipedia.org/wiki/Tijjani_Reijnders
Netherlands,Micky van de Ven,https://en.wikipedia.org/wiki/Micky_van_de_Ven
Netherlands,Guus Til,https://en.wikipedia.org/wiki/Guus_Til
Netherlands,Noa Lang,https://en.wikipedia.org/wiki/Noa_Lang
Netherlands,Donyell Malen,https://en.wikipedia.org/wiki/Donyell_Malen
Netherlands,Brian Brobbey,https://en.wikipedia.org/wiki/Brian_Brobbey
Netherlands,Teun Koopmeiners,https://en.wikipedia.org/wiki/Teun_Koopmeiners
Netherlands,Frenkie de Jong,https://en.wikipedia.org/wiki/Frenkie_de_Jong
Netherlands,Denzel Dumfries,https://en.wikipedia.org/wiki/Denzel_Dumfries
Netherlands,Mark Flekken,https://en.wikipedia.org/wiki/Mark_Flekken
Netherlands,Crysencio Summerville,https://en.wikipedia.org/wiki/Crysencio_Summerville
Netherlands,Jorrel Hato,https://en.wikipedia.org/wiki/Jorrel_Hato
Netherlands,Quinten Timber,https://en.wikipedia.org/wiki/Quinten_Timber
Sweden,Jacob Widell Zetterström,https://en.wikipedia.org/wiki/Jacob_Widell_Zetterstr%C3%B6m
Sweden,Gustaf Lagerbielke,https://en.wikipedia.org/wiki/Gustaf_Lagerbielke_(footballer)
Sweden,Victor Lindelöf,https://en.wikipedia.org/wiki/Victor_Lindel%C3%B6f
Sweden,Isak Hien,https://en.wikipedia.org/wiki/Isak_Hien
Sweden,Gabriel Gudmundsson,https://en.wikipedia.org/wiki/Gabriel_Gudmundsson
Sweden,Herman Johansson,https://en.wikipedia.org/wiki/Herman_Johansson
Sweden,Lucas Bergvall,https://en.wikipedia.org/wiki/Lucas_Bergvall
Sweden,Daniel Svensson,"https://en.wikipedia.org/wiki/Daniel_Svensson_(footballer,_born_2002)"
Sweden,Alexander Isak,https://en.wikipedia.org/wiki/Alexander_Isak
Sweden,Benjamin Nygren,https://en.wikipedia.org/wiki/Benjamin_Nygren
Sweden,Anthony Elanga,https://en.wikipedia.org/wiki/Anthony_Elanga
Sweden,Viktor Johansson,https://en.wikipedia.org/wiki/Viktor_Johansson
Sweden,Ken Sema,https://en.wikipedia.org/wiki/Ken_Sema
Sweden,Hjalmar Ekdal,https://en.wikipedia.org/wiki/Hjalmar_Ekdal
Sweden,Carl Starfelt,https://en.wikipedia.org/wiki/Carl_Starfelt
Sweden,Jesper Karlström,https://en.wikipedia.org/wiki/Jesper_Karlstr%C3%B6m
Sweden,Viktor Gyökeres,https://en.wikipedia.org/wiki/Viktor_Gy%C3%B6keres
Sweden,Yasin Ayari,https://en.wikipedia.org/wiki/Yasin_Ayari
Sweden,Mattias Svanberg,https://en.wikipedia.org/wiki/Mattias_Svanberg
Sweden,Eric Smith,https://en.wikipedia.org/wiki/Eric_Smith_(Swedish_footballer)
Sweden,Alexander Bernhardsson,https://en.wikipedia.org/wiki/Alexander_Bernhardsson
Sweden,Besfort Zeneli,https://en.wikipedia.org/wiki/Besfort_Zeneli
Sweden,Kristoffer Nordfeldt,https://en.wikipedia.org/wiki/Kristoffer_Nordfeldt
Sweden,Elliot Stroud,https://en.wikipedia.org/wiki/Elliot_Stroud
Sweden,Gustaf Nilsson,"https://en.wikipedia.org/wiki/Gustaf_Nilsson_(footballer,_born_1997)"
Sweden,Taha Ali,https://en.wikipedia.org/wiki/Taha_Ali
Tunisia,Mouhib Chamakh,https://en.wikipedia.org/wiki/Mouhib_Chamakh
Tunisia,Ali Abdi,https://en.wikipedia.org/wiki/Ali_Abdi_(footballer)
Tunisia,Montassar Talbi,https://en.wikipedia.org/wiki/Montassar_Talbi
Tunisia,Omar Rekik,https://en.wikipedia.org/wiki/Omar_Rekik
Tunisia,Adem Arous,https://en.wikipedia.org/wiki/Adem_Arous
Tunisia,Dylan Bronn,https://en.wikipedia.org/wiki/Dylan_Bronn
Tunisia,Elias Achouri,https://en.wikipedia.org/wiki/Elias_Achouri
Tunisia,Elias Saad,https://en.wikipedia.org/wiki/Elias_Saad
Tunisia,Hazem Mastouri,https://en.wikipedia.org/wiki/Hazem_Mastouri
Tunisia,Hannibal Mejbri,https://en.wikipedia.org/wiki/Hannibal_Mejbri
Tunisia,Ismaël Gharbi,https://en.wikipedia.org/wiki/Isma%C3%ABl_Gharbi
Tunisia,Mortadha Ben Ouanes,https://en.wikipedia.org/wiki/Mortadha_Ben_Ouanes
Tunisia,Rani Khedira,https://en.wikipedia.org/wiki/Rani_Khedira
Tunisia,Khalil Ayari,https://en.wikipedia.org/wiki/Khalil_Ayari
Tunisia,Hadj Mahmoud,https://en.wikipedia.org/wiki/Hadj_Mahmoud
Tunisia,Aymen Dahmen,https://en.wikipedia.org/wiki/Aymen_Dahmen
Tunisia,Ellyes Skhiri,https://en.wikipedia.org/wiki/Ellyes_Skhiri
Tunisia,Rayan Elloumi,https://en.wikipedia.org/wiki/Rayan_Elloumi
Tunisia,Firas Chaouat,https://en.wikipedia.org/wiki/Firas_Chaouat
Tunisia,Yan Valery,https://en.wikipedia.org/wiki/Yan_Valery
Tunisia,Mohamed Amine Ben Hamida,https://en.wikipedia.org/wiki/Mohamed_Amine_Ben_Hamida
Tunisia,Sabri Ben Hessen,https://en.wikipedia.org/wiki/Sabri_Ben_Hessen
Tunisia,Moutaz Neffati,https://en.wikipedia.org/wiki/Moutaz_Neffati
Tunisia,Raed Chikhaoui,https://en.wikipedia.org/wiki/Raed_Chikhaoui
Tunisia,Anis Ben Slimane,https://en.wikipedia.org/wiki/Anis_Ben_Slimane
Tunisia,Sebastian Tounekti,https://en.wikipedia.org/wiki/Sebastian_Tounekti
Belgium,Thibaut Courtois,https://en.wikipedia.org/wiki/Thibaut_Courtois
Belgium,Zeno Debast,https://en.wikipedia.org/wiki/Zeno_Debast
Belgium,Arthur Theate,https://en.wikipedia.org/wiki/Arthur_Theate
Belgium,Brandon Mechele,https://en.wikipedia.org/wiki/Brandon_Mechele
Belgium,Maxim De Cuyper,https://en.wikipedia.org/wiki/Maxim_De_Cuyper
Belgium,Axel Witsel,https://en.wikipedia.org/wiki/Axel_Witsel
Belgium,Kevin De Bruyne,https://en.wikipedia.org/wiki/Kevin_De_Bruyne
Belgium,Youri Tielemans,https://en.wikipedia.org/wiki/Youri_Tielemans
Belgium,Romelu Lukaku,https://en.wikipedia.org/wiki/Romelu_Lukaku
Belgium,Leandro Trossard,https://en.wikipedia.org/wiki/Leandro_Trossard
Belgium,Jérémy Doku,https://en.wikipedia.org/wiki/J%C3%A9r%C3%A9my_Doku
Belgium,Senne Lammens,https://en.wikipedia.org/wiki/Senne_Lammens
Belgium,Mike Penders,https://en.wikipedia.org/wiki/Mike_Penders
Belgium,Dodi Lukébakio,https://en.wikipedia.org/wiki/Dodi_Luk%C3%A9bakio
Belgium,Thomas Meunier,https://en.wikipedia.org/wiki/Thomas_Meunier
Belgium,Koni De Winter,https://en.wikipedia.org/wiki/Koni_De_Winter
Belgium,Charles De Ketelaere,https://en.wikipedia.org/wiki/Charles_De_Ketelaere
Belgium,Joaquin Seys,https://en.wikipedia.org/wiki/Joaquin_Seys
Belgium,Diego Moreira,https://en.wikipedia.org/wiki/Diego_Moreira
Belgium,Hans Vanaken,https://en.wikipedia.org/wiki/Hans_Vanaken
Belgium,Timothy Castagne,https://en.wikipedia.org/wiki/Timothy_Castagne
Belgium,Alexis Saelemaekers,https://en.wikipedia.org/wiki/Alexis_Saelemaekers
Belgium,Nicolas Raskin,https://en.wikipedia.org/wiki/Nicolas_Raskin
Belgium,Amadou Onana,https://en.wikipedia.org/wiki/Amadou_Onana
Belgium,Nathan Ngoy,https://en.wikipedia.org/wiki/Nathan_Ngoy
Belgium,Matias Fernandez-Pardo,https://en.wikipedia.org/wiki/Matias_Fernandez-Pardo
Egypt,Mohamed El Shenawy,https://en.wikipedia.org/wiki/Mohamed_El_Shenawy
Egypt,Yasser Ibrahim,https://en.wikipedia.org/wiki/Yasser_Ibrahim
Egypt,Mohamed Hany,https://en.wikipedia.org/wiki/Mohamed_Hany
Egypt,Hossam Abdelmaguid,https://en.wikipedia.org/wiki/Hossam_Abdelmaguid
Egypt,Ramy Rabia,https://en.wikipedia.org/wiki/Ramy_Rabia
Egypt,Mohamed Abdelmonem,https://en.wikipedia.org/wiki/Mohamed_Abdelmonem
Egypt,Trézéguet,https://en.wikipedia.org/wiki/Tr%C3%A9z%C3%A9guet_(Egyptian_footballer)
Egypt,Emam Ashour,https://en.wikipedia.org/wiki/Emam_Ashour
Egypt,Hamza Abdelkarim,https://en.wikipedia.org/wiki/Hamza_Abdelkarim
Egypt,Mohamed Salah,https://en.wikipedia.org/wiki/Mohamed_Salah
Egypt,Mostafa Ziko,https://en.wikipedia.org/wiki/Mostafa_Ziko
Egypt,Haissem Hassan,https://en.wikipedia.org/wiki/Haissem_Hassan
Egypt,Ahmed Fatouh,https://en.wikipedia.org/wiki/Ahmed_Fatouh
Egypt,Hamdy Fathy,https://en.wikipedia.org/wiki/Hamdy_Fathy
Egypt,Karim Hafez,https://en.wikipedia.org/wiki/Karim_Hafez
Egypt,El Mahdy Soliman,https://en.wikipedia.org/wiki/El_Mahdy_Soliman
Egypt,Mohanad Lasheen,https://en.wikipedia.org/wiki/Mohanad_Lasheen
Egypt,Nabil Emad,https://en.wikipedia.org/wiki/Nabil_Emad
Egypt,Marwan Attia,https://en.wikipedia.org/wiki/Marwan_Attia
Egypt,Ibrahim Adel,https://en.wikipedia.org/wiki/Ibrahim_Adel
Egypt,Mahmoud Saber,https://en.wikipedia.org/wiki/Mahmoud_Saber
Egypt,Omar Marmoush,https://en.wikipedia.org/wiki/Omar_Marmoush
Egypt,Mostafa Shobeir,https://en.wikipedia.org/wiki/Mostafa_Shobeir
Egypt,Tarek Alaa,"https://en.wikipedia.org/wiki/Tarek_Alaa_(footballer,_born_2002)"
Egypt,Zizo,https://en.wikipedia.org/wiki/Zizo_(footballer)
Egypt,Mohamed Alaa,https://en.wikipedia.org/wiki/Mohamed_Alaa
Iran,Alireza Beiranvand,https://en.wikipedia.org/wiki/Alireza_Beiranvand
Iran,Saleh Hardani,https://en.wikipedia.org/wiki/Saleh_Hardani
Iran,Ehsan Hajsafi,https://en.wikipedia.org/wiki/Ehsan_Hajsafi
Iran,Shojae Khalilzadeh,https://en.wikipedia.org/wiki/Shojae_Khalilzadeh
Iran,Milad Mohammadi,https://en.wikipedia.org/wiki/Milad_Mohammadi
Iran,Saeid Ezatolahi,https://en.wikipedia.org/wiki/Saeid_Ezatolahi
Iran,Alireza Jahanbakhsh,https://en.wikipedia.org/wiki/Alireza_Jahanbakhsh
Iran,Mohammad Mohebi,https://en.wikipedia.org/wiki/Mohammad_Mohebi
Iran,Mehdi Taremi,https://en.wikipedia.org/wiki/Mehdi_Taremi
Iran,Mehdi Ghayedi,https://en.wikipedia.org/wiki/Mehdi_Ghayedi
Iran,Ali Alipour,https://en.wikipedia.org/wiki/Ali_Alipour
Iran,Payam Niazmand,https://en.wikipedia.org/wiki/Payam_Niazmand
Iran,Hossein Kanaanizadegan,https://en.wikipedia.org/wiki/Hossein_Kanaanizadegan
Iran,Saman Ghoddos,https://en.wikipedia.org/wiki/Saman_Ghoddos
Iran,Rouzbeh Cheshmi,https://en.wikipedia.org/wiki/Rouzbeh_Cheshmi
Iran,Mahdi Torabi,https://en.wikipedia.org/wiki/Mahdi_Torabi
Iran,Arya Yousefi,https://en.wikipedia.org/wiki/Arya_Yousefi
Iran,Amirhossein Hosseinzadeh,https://en.wikipedia.org/wiki/Amirhossein_Hosseinzadeh
Iran,Ali Nemati,https://en.wikipedia.org/wiki/Ali_Nemati
Iran,Shahriyar Moghanlou,https://en.wikipedia.org/wiki/Shahriyar_Moghanlou
Iran,Mohammad Ghorbani,https://en.wikipedia.org/wiki/Mohammad_Ghorbani_(footballer)
Iran,Hossein Hosseini,"https://en.wikipedia.org/wiki/Hossein_Hosseini_(footballer,_born_1992)"
Iran,Ramin Rezaeian,https://en.wikipedia.org/wiki/Ramin_Rezaeian
Iran,Dennis Eckert,https://en.wikipedia.org/wiki/Dennis_Eckert
Iran,Danial Eiri,https://en.wikipedia.org/wiki/Danial_Eiri
Iran,Amirmohammad Razzaghinia,https://en.wikipedia.org/wiki/Amirmohammad_Razzaghinia
New Zealand,Max Crocombe,https://en.wikipedia.org/wiki/Max_Crocombe
New Zealand,Tim Payne,https://en.wikipedia.org/wiki/Tim_Payne_(footballer)
New Zealand,Francis de Vries,https://en.wikipedia.org/wiki/Francis_de_Vries
New Zealand,Tyler Bindon,https://en.wikipedia.org/wiki/Tyler_Bindon
New Zealand,Michael Boxall,https://en.wikipedia.org/wiki/Michael_Boxall
New Zealand,Joe Bell,https://en.wikipedia.org/wiki/Joe_Bell_(footballer)
New Zealand,Logan Rogerson,https://en.wikipedia.org/wiki/Logan_Rogerson
New Zealand,Marko Stamenić,https://en.wikipedia.org/wiki/Marko_Stameni%C4%87
New Zealand,Chris Wood,"https://en.wikipedia.org/wiki/Chris_Wood_(footballer,_born_1991)"
New Zealand,Sarpreet Singh,https://en.wikipedia.org/wiki/Sarpreet_Singh
New Zealand,Elijah Just,https://en.wikipedia.org/wiki/Elijah_Just
New Zealand,Alex Paulsen,https://en.wikipedia.org/wiki/Alex_Paulsen
New Zealand,Liberato Cacace,https://en.wikipedia.org/wiki/Liberato_Cacace
New Zealand,Alex Rufer,https://en.wikipedia.org/wiki/Alex_Rufer
New Zealand,Nando Pijnaker,https://en.wikipedia.org/wiki/Nando_Pijnaker
New Zealand,Finn Surman,https://en.wikipedia.org/wiki/Finn_Surman
New Zealand,Kosta Barbarouses,https://en.wikipedia.org/wiki/Kosta_Barbarouses
New Zealand,Ben Waine,https://en.wikipedia.org/wiki/Ben_Waine
New Zealand,Ben Old,https://en.wikipedia.org/wiki/Ben_Old
New Zealand,Callum McCowatt,https://en.wikipedia.org/wiki/Callum_McCowatt
New Zealand,Jesse Randall,https://en.wikipedia.org/wiki/Jesse_Randall
New Zealand,Michael Woud,https://en.wikipedia.org/wiki/Michael_Woud
New Zealand,Ryan Thomas,https://en.wikipedia.org/wiki/Ryan_Thomas_(footballer)
New Zealand,Callan Elliot,https://en.wikipedia.org/wiki/Callan_Elliot
New Zealand,Lachlan Bayliss,https://en.wikipedia.org/wiki/Lachlan_Bayliss
New Zealand,Tommy Smith,"https://en.wikipedia.org/wiki/Tommy_Smith_(footballer,_born_1990)"
Cape Verde,Vozinha,https://en.wikipedia.org/wiki/Vozinha
Cape Verde,Stopira,https://en.wikipedia.org/wiki/Stopira
Cape Verde,Diney,"https://en.wikipedia.org/wiki/Diney_(footballer,_born_1995)"
Cape Verde,Pico,https://en.wikipedia.org/wiki/Pico_Lopes
Cape Verde,Logan Costa,https://en.wikipedia.org/wiki/Logan_Costa
Cape Verde,Kevin Pina,https://en.wikipedia.org/wiki/Kevin_Pina_(footballer)
Cape Verde,Jovane Cabral,https://en.wikipedia.org/wiki/Jovane_Cabral
Cape Verde,João Paulo,https://en.wikipedia.org/wiki/Jo%C3%A3o_Paulo_Fernandes_(footballer)
Cape Verde,Gilson Benchimol,https://en.wikipedia.org/wiki/Gilson_Benchimol
Cape Verde,Jamiro Monteiro,https://en.wikipedia.org/wiki/Jamiro_Monteiro
Cape Verde,Garry Rodrigues,https://en.wikipedia.org/wiki/Garry_Rodrigues
Cape Verde,Márcio Rosa,https://en.wikipedia.org/wiki/M%C3%A1rcio_Rosa
Cape Verde,Sidny Lopes Cabral,https://en.wikipedia.org/wiki/Sidny_Lopes_Cabral
Cape Verde,Deroy Duarte,https://en.wikipedia.org/wiki/Deroy_Duarte
Cape Verde,Laros Duarte,https://en.wikipedia.org/wiki/Laros_Duarte
Cape Verde,Yannick Semedo,https://en.wikipedia.org/wiki/Yannick_Semedo
Cape Verde,Willy Semedo,https://en.wikipedia.org/wiki/Willy_Semedo
Cape Verde,Telmo Arcanjo,https://en.wikipedia.org/wiki/Telmo_Arcanjo
Cape Verde,Dailon Livramento,https://en.wikipedia.org/wiki/Dailon_Livramento
Cape Verde,Ryan Mendes,https://en.wikipedia.org/wiki/Ryan_Mendes
Cape Verde,Nuno da Costa,https://en.wikipedia.org/wiki/Nuno_da_Costa
Cape Verde,Steven Moreira,https://en.wikipedia.org/wiki/Steven_Moreira
Cape Verde,CJ dos Santos,https://en.wikipedia.org/wiki/CJ_dos_Santos
Cape Verde,Wagner Pina,https://en.wikipedia.org/wiki/Wagner_Pina
Cape Verde,Kelvin Pires,https://en.wikipedia.org/wiki/Kelvin_Pires
Cape Verde,Hélio Varela,https://en.wikipedia.org/wiki/H%C3%A9lio_Varela
Saudi Arabia,Nawaf Al-Aqidi,https://en.wikipedia.org/wiki/Nawaf_Al-Aqidi
Saudi Arabia,Ali Majrashi,https://en.wikipedia.org/wiki/Ali_Majrashi
Saudi Arabia,Ali Lajami,https://en.wikipedia.org/wiki/Ali_Lajami
Saudi Arabia,Abdulelah Al-Amri,https://en.wikipedia.org/wiki/Abdulelah_Al-Amri
Saudi Arabia,Hassan Al-Tambakti,https://en.wikipedia.org/wiki/Hassan_Al-Tambakti
Saudi Arabia,Nasser Al-Dawsari,https://en.wikipedia.org/wiki/Nasser_Al-Dawsari
Saudi Arabia,Musab Al-Juwayr,https://en.wikipedia.org/wiki/Musab_Al-Juwayr
Saudi Arabia,Ayman Yahya,https://en.wikipedia.org/wiki/Ayman_Yahya
Saudi Arabia,Firas Al-Buraikan,https://en.wikipedia.org/wiki/Firas_Al-Buraikan
Saudi Arabia,Salem Al-Dawsari,https://en.wikipedia.org/wiki/Salem_Al-Dawsari
Saudi Arabia,Saleh Al-Shehri,https://en.wikipedia.org/wiki/Saleh_Al-Shehri
Saudi Arabia,Saud Abdulhamid,https://en.wikipedia.org/wiki/Saud_Abdulhamid
Saudi Arabia,Nawaf Boushal,https://en.wikipedia.org/wiki/Nawaf_Boushal
Saudi Arabia,Hassan Kadesh,https://en.wikipedia.org/wiki/Hassan_Kadesh
Saudi Arabia,Abdullah Al-Khaibari,https://en.wikipedia.org/wiki/Abdullah_Al-Khaibari
Saudi Arabia,Ziyad Al-Johani,https://en.wikipedia.org/wiki/Ziyad_Al-Johani
Saudi Arabia,Khalid Al-Ghannam,https://en.wikipedia.org/wiki/Khalid_Al-Ghannam
Saudi Arabia,Alaa Al-Hejji,https://en.wikipedia.org/wiki/Alaa_Al-Hejji
Saudi Arabia,Abdullah Al-Hamdan,https://en.wikipedia.org/wiki/Abdullah_Al-Hamdan
Saudi Arabia,Sultan Mandash,https://en.wikipedia.org/wiki/Sultan_Mandash
Saudi Arabia,Mohammed Al-Owais,https://en.wikipedia.org/wiki/Mohammed_Al-Owais
Saudi Arabia,Ahmed Al-Kassar,https://en.wikipedia.org/wiki/Ahmed_Al-Kassar
Saudi Arabia,Mohamed Kanno,https://en.wikipedia.org/wiki/Mohamed_Kanno
Saudi Arabia,Moteb Al-Harbi,https://en.wikipedia.org/wiki/Moteb_Al-Harbi
Saudi Arabia,Jehad Thakri,https://en.wikipedia.org/wiki/Jehad_Thakri
Saudi Arabia,Mohammed Abu Al-Shamat,https://en.wikipedia.org/wiki/Mohammed_Abu_Al-Shamat
Spain,David Raya,https://en.wikipedia.org/wiki/David_Raya
Spain,Marc Pubill,https://en.wikipedia.org/wiki/Marc_Pubill
Spain,Álex Grimaldo,https://en.wikipedia.org/wiki/%C3%81lex_Grimaldo
Spain,Eric García,"https://en.wikipedia.org/wiki/Eric_Garc%C3%ADa_(footballer,_born_2001)"
Spain,Marcos Llorente,https://en.wikipedia.org/wiki/Marcos_Llorente
Spain,Mikel Merino,https://en.wikipedia.org/wiki/Mikel_Merino
Spain,Ferran Torres,https://en.wikipedia.org/wiki/Ferran_Torres
Spain,Fabián Ruiz,https://en.wikipedia.org/wiki/Fabi%C3%A1n_Ruiz
Spain,Gavi,https://en.wikipedia.org/wiki/Gavi_(footballer)
Spain,Dani Olmo,https://en.wikipedia.org/wiki/Dani_Olmo
Spain,Yéremy Pino,https://en.wikipedia.org/wiki/Y%C3%A9remy_Pino
Spain,Pedro Porro,https://en.wikipedia.org/wiki/Pedro_Porro
Spain,Joan Garcia,https://en.wikipedia.org/wiki/Joan_Garcia
Spain,Aymeric Laporte,https://en.wikipedia.org/wiki/Aymeric_Laporte
Spain,Álex Baena,https://en.wikipedia.org/wiki/%C3%81lex_Baena
Spain,Rodri,"https://en.wikipedia.org/wiki/Rodri_(footballer,_born_1996)"
Spain,Nico Williams,https://en.wikipedia.org/wiki/Nico_Williams
Spain,Martín Zubimendi,https://en.wikipedia.org/wiki/Mart%C3%ADn_Zubimendi
Spain,Lamine Yamal,https://en.wikipedia.org/wiki/Lamine_Yamal
Spain,Pedri,https://en.wikipedia.org/wiki/Pedri
Spain,Mikel Oyarzabal,https://en.wikipedia.org/wiki/Mikel_Oyarzabal
Spain,Pau Cubarsí,https://en.wikipedia.org/wiki/Pau_Cubars%C3%AD
Spain,Unai Simón,https://en.wikipedia.org/wiki/Unai_Sim%C3%B3n
Spain,Marc Cucurella,https://en.wikipedia.org/wiki/Marc_Cucurella
Spain,Víctor Muñoz,"https://en.wikipedia.org/wiki/V%C3%ADctor_Mu%C3%B1oz_(footballer,_born_2003)"
Spain,Borja Iglesias,https://en.wikipedia.org/wiki/Borja_Iglesias
Uruguay,Sergio Rochet,https://en.wikipedia.org/wiki/Sergio_Rochet
Uruguay,José María Giménez,https://en.wikipedia.org/wiki/Jos%C3%A9_Mar%C3%ADa_Gim%C3%A9nez
Uruguay,Sebastián Cáceres,https://en.wikipedia.org/wiki/Sebasti%C3%A1n_C%C3%A1ceres
Uruguay,Ronald Araújo,https://en.wikipedia.org/wiki/Ronald_Ara%C3%BAjo
Uruguay,Manuel Ugarte,https://en.wikipedia.org/wiki/Manuel_Ugarte_(footballer)
Uruguay,Rodrigo Bentancur,https://en.wikipedia.org/wiki/Rodrigo_Bentancur
Uruguay,Nicolás de la Cruz,https://en.wikipedia.org/wiki/Nicol%C3%A1s_de_la_Cruz
Uruguay,Federico Valverde,https://en.wikipedia.org/wiki/Federico_Valverde
Uruguay,Darwin Núñez,https://en.wikipedia.org/wiki/Darwin_N%C3%BA%C3%B1ez
Uruguay,Giorgian de Arrascaeta,https://en.wikipedia.org/wiki/Giorgian_de_Arrascaeta
Uruguay,Facundo Pellistri,https://en.wikipedia.org/wiki/Facundo_Pellistri
Uruguay,Santiago Mele,https://en.wikipedia.org/wiki/Santiago_Mele
Uruguay,Guillermo Varela,https://en.wikipedia.org/wiki/Guillermo_Varela
Uruguay,Agustín Canobbio,https://en.wikipedia.org/wiki/Agust%C3%ADn_Canobbio
Uruguay,Emiliano Martínez,"https://en.wikipedia.org/wiki/Emiliano_Mart%C3%ADnez_(footballer,_born_1999)"
Uruguay,Mathías Olivera,https://en.wikipedia.org/wiki/Math%C3%ADas_Olivera
Uruguay,Matías Viña,https://en.wikipedia.org/wiki/Mat%C3%ADas_Vi%C3%B1a
Uruguay,Brian Rodríguez,https://en.wikipedia.org/wiki/Brian_Rodr%C3%ADguez
Uruguay,Rodrigo Aguirre,https://en.wikipedia.org/wiki/Rodrigo_Aguirre
Uruguay,Maximiliano Araújo,https://en.wikipedia.org/wiki/Maximiliano_Ara%C3%BAjo
Uruguay,Federico Viñas,https://en.wikipedia.org/wiki/Federico_Vi%C3%B1as
Uruguay,Joaquín Piquerez,https://en.wikipedia.org/wiki/Joaqu%C3%ADn_Piquerez
Uruguay,Fernando Muslera,https://en.wikipedia.org/wiki/Fernando_Muslera
Uruguay,Santiago Bueno,https://en.wikipedia.org/wiki/Santiago_Bueno
Uruguay,Juan Manuel Sanabria,https://en.wikipedia.org/wiki/Juan_Manuel_Sanabria
Uruguay,Rodrigo Zalazar,https://en.wikipedia.org/wiki/Rodrigo_Zalazar
France,Brice Samba,https://en.wikipedia.org/wiki/Brice_Samba
France,Malo Gusto,https://en.wikipedia.org/wiki/Malo_Gusto
France,Lucas Digne,https://en.wikipedia.org/wiki/Lucas_Digne
France,Dayot Upamecano,https://en.wikipedia.org/wiki/Dayot_Upamecano
France,Jules Koundé,https://en.wikipedia.org/wiki/Jules_Kound%C3%A9
France,Manu Koné,https://en.wikipedia.org/wiki/Manu_Kon%C3%A9
France,Ousmane Dembélé,https://en.wikipedia.org/wiki/Ousmane_Demb%C3%A9l%C3%A9
France,Aurélien Tchouaméni,https://en.wikipedia.org/wiki/Aur%C3%A9lien_Tchouam%C3%A9ni
France,Marcus Thuram,https://en.wikipedia.org/wiki/Marcus_Thuram
France,Kylian Mbappé,https://en.wikipedia.org/wiki/Kylian_Mbapp%C3%A9
France,Michael Olise,https://en.wikipedia.org/wiki/Michael_Olise
France,Bradley Barcola,https://en.wikipedia.org/wiki/Bradley_Barcola
France,N'Golo Kanté,https://en.wikipedia.org/wiki/N%27Golo_Kant%C3%A9
France,Adrien Rabiot,https://en.wikipedia.org/wiki/Adrien_Rabiot
France,Ibrahima Konaté,https://en.wikipedia.org/wiki/Ibrahima_Konat%C3%A9
France,Mike Maignan,https://en.wikipedia.org/wiki/Mike_Maignan
France,William Saliba,https://en.wikipedia.org/wiki/William_Saliba
France,Warren Zaïre-Emery,https://en.wikipedia.org/wiki/Warren_Za%C3%AFre-Emery
France,Théo Hernandez,https://en.wikipedia.org/wiki/Th%C3%A9o_Hernandez
France,Désiré Doué,https://en.wikipedia.org/wiki/D%C3%A9sir%C3%A9_Dou%C3%A9
France,Lucas Hernandez,https://en.wikipedia.org/wiki/Lucas_Hernandez
France,Jean-Philippe Mateta,https://en.wikipedia.org/wiki/Jean-Philippe_Mateta
France,Robin Risser,https://en.wikipedia.org/wiki/Robin_Risser
France,Rayan Cherki,https://en.wikipedia.org/wiki/Rayan_Cherki
France,Maghnes Akliouche,https://en.wikipedia.org/wiki/Maghnes_Akliouche
France,Maxence Lacroix,https://en.wikipedia.org/wiki/Maxence_Lacroix
Iraq,Fahad Talib,https://en.wikipedia.org/wiki/Fahad_Talib
Iraq,Rebin Sulaka,https://en.wikipedia.org/wiki/Rebin_Sulaka
Iraq,Hussein Ali,"https://en.wikipedia.org/wiki/Hussein_Ali_(footballer,_born_2002)"
Iraq,Zaid Tahseen,https://en.wikipedia.org/wiki/Zaid_Tahseen
Iraq,Akam Hashim,https://en.wikipedia.org/wiki/Akam_Hashim
Iraq,Munaf Younis,https://en.wikipedia.org/wiki/Munaf_Younis
Iraq,Youssef Amyn,https://en.wikipedia.org/wiki/Youssef_Amyn
Iraq,Ibrahim Bayesh,https://en.wikipedia.org/wiki/Ibrahim_Bayesh
Iraq,Ali Al-Hamadi,https://en.wikipedia.org/wiki/Ali_Al-Hamadi
Iraq,Mohanad Ali,https://en.wikipedia.org/wiki/Mohanad_Ali
Iraq,Ahmed Qasem,https://en.wikipedia.org/wiki/Ahmed_Qasem
Iraq,Jalal Hassan,https://en.wikipedia.org/wiki/Jalal_Hassan
Iraq,Ali Yousif,https://en.wikipedia.org/wiki/Ali_Yousif
Iraq,Zidane Iqbal,https://en.wikipedia.org/wiki/Zidane_Iqbal
Iraq,Ahmed Maknzi,https://en.wikipedia.org/wiki/Ahmed_Maknzi
Iraq,Amir Al-Ammari,https://en.wikipedia.org/wiki/Amir_Al-Ammari
Iraq,Ali Jasim,https://en.wikipedia.org/wiki/Ali_Jasim
Iraq,Aymen Hussein,https://en.wikipedia.org/wiki/Aymen_Hussein
Iraq,Kevin Yakob,https://en.wikipedia.org/wiki/Kevin_Yakob
Iraq,Aimar Sher,https://en.wikipedia.org/wiki/Aimar_Sher
Iraq,Marko Farji,https://en.wikipedia.org/wiki/Marko_Farji
Iraq,Ahmed Basil,https://en.wikipedia.org/wiki/Ahmed_Basil
Iraq,Merchas Doski,https://en.wikipedia.org/wiki/Merchas_Doski
Iraq,Zaid Ismail,https://en.wikipedia.org/wiki/Zaid_Ismail
Iraq,Mustafa Saadoon,"https://en.wikipedia.org/wiki/Mustafa_Saadoon_(footballer,_born_2001)"
Iraq,Frans Putros,https://en.wikipedia.org/wiki/Frans_Putros
Norway,Ørjan Nyland,https://en.wikipedia.org/wiki/%C3%98rjan_Nyland
Norway,Morten Thorsby,https://en.wikipedia.org/wiki/Morten_Thorsby
Norway,Kristoffer Ajer,https://en.wikipedia.org/wiki/Kristoffer_Ajer
Norway,Leo Østigård,https://en.wikipedia.org/wiki/Leo_%C3%98stig%C3%A5rd
Norway,David Møller Wolfe,https://en.wikipedia.org/wiki/David_M%C3%B8ller_Wolfe
Norway,Patrick Berg,https://en.wikipedia.org/wiki/Patrick_Berg
Norway,Alexander Sørloth,https://en.wikipedia.org/wiki/Alexander_S%C3%B8rloth
Norway,Sander Berge,https://en.wikipedia.org/wiki/Sander_Berge
Norway,Erling Haaland,https://en.wikipedia.org/wiki/Erling_Haaland
Norway,Martin Ødegaard,https://en.wikipedia.org/wiki/Martin_%C3%98degaard
Norway,Jørgen Strand Larsen,https://en.wikipedia.org/wiki/J%C3%B8rgen_Strand_Larsen
Norway,Sander Tangvik,https://en.wikipedia.org/wiki/Sander_Tangvik
Norway,Egil Selvik,https://en.wikipedia.org/wiki/Egil_Selvik
Norway,Fredrik Aursnes,https://en.wikipedia.org/wiki/Fredrik_Aursnes
Norway,Fredrik André Bjørkan,https://en.wikipedia.org/wiki/Fredrik_Andr%C3%A9_Bj%C3%B8rkan
Norway,Marcus Holmgren Pedersen,https://en.wikipedia.org/wiki/Marcus_Holmgren_Pedersen
Norway,Torbjørn Heggem,https://en.wikipedia.org/wiki/Torbj%C3%B8rn_Heggem
Norway,Kristian Thorstvedt,https://en.wikipedia.org/wiki/Kristian_Thorstvedt
Norway,Thelo Aasgaard,https://en.wikipedia.org/wiki/Thelo_Aasgaard
Norway,Antonio Nusa,https://en.wikipedia.org/wiki/Antonio_Nusa
Norway,Andreas Schjelderup,https://en.wikipedia.org/wiki/Andreas_Schjelderup
Norway,Oscar Bobb,https://en.wikipedia.org/wiki/Oscar_Bobb
Norway,Jens Petter Hauge,https://en.wikipedia.org/wiki/Jens_Petter_Hauge
Norway,Sondre Langås,https://en.wikipedia.org/wiki/Sondre_Lang%C3%A5s
Norway,Henrik Falchener,https://en.wikipedia.org/wiki/Henrik_Falchener
Norway,Julian Ryerson,https://en.wikipedia.org/wiki/Julian_Ryerson
Senegal,Yehvann Diouf,https://en.wikipedia.org/wiki/Yehvann_Diouf
Senegal,Mamadou Sarr,https://en.wikipedia.org/wiki/Mamadou_Sarr
Senegal,Kalidou Koulibaly,https://en.wikipedia.org/wiki/Kalidou_Koulibaly
Senegal,Abdoulaye Seck,"https://en.wikipedia.org/wiki/Abdoulaye_Seck_(footballer,_born_1992)"
Senegal,Idrissa Gueye,https://en.wikipedia.org/wiki/Idrissa_Gueye
Senegal,Pathé Ciss,https://en.wikipedia.org/wiki/Path%C3%A9_Ciss
Senegal,Assane Diao,https://en.wikipedia.org/wiki/Assane_Diao
Senegal,Lamine Camara,https://en.wikipedia.org/wiki/Lamine_Camara
Senegal,Bamba Dieng,https://en.wikipedia.org/wiki/Bamba_Dieng
Senegal,Sadio Mané,https://en.wikipedia.org/wiki/Sadio_Man%C3%A9
Senegal,Nicolas Jackson,https://en.wikipedia.org/wiki/Nicolas_Jackson
Senegal,Cherif Ndiaye,https://en.wikipedia.org/wiki/Cherif_Ndiaye
Senegal,Iliman Ndiaye,https://en.wikipedia.org/wiki/Iliman_Ndiaye
Senegal,Ismail Jakobs,https://en.wikipedia.org/wiki/Ismail_Jakobs
Senegal,Krépin Diatta,https://en.wikipedia.org/wiki/Kr%C3%A9pin_Diatta
Senegal,Édouard Mendy,https://en.wikipedia.org/wiki/%C3%89douard_Mendy
Senegal,Pape Matar Sarr,https://en.wikipedia.org/wiki/Pape_Matar_Sarr
Senegal,Ismaïla Sarr,https://en.wikipedia.org/wiki/Isma%C3%AFla_Sarr
Senegal,Moussa Niakhaté,https://en.wikipedia.org/wiki/Moussa_Niakhat%C3%A9
Senegal,Ibrahim Mbaye,https://en.wikipedia.org/wiki/Ibrahim_Mbaye
Senegal,Habib Diarra,https://en.wikipedia.org/wiki/Habib_Diarra
Senegal,Bara Sapoko Ndiaye,https://en.wikipedia.org/wiki/Bara_Sapoko_Ndiaye
Senegal,Mory Diaw,https://en.wikipedia.org/wiki/Mory_Diaw
Senegal,Antoine Mendy,https://en.wikipedia.org/wiki/Antoine_Mendy_(footballer)
Senegal,El Hadji Malick Diouf,https://en.wikipedia.org/wiki/El_Hadji_Malick_Diouf
Senegal,Pape Gueye,https://en.wikipedia.org/wiki/Pape_Gueye
Algeria,Melvin Mastil,https://en.wikipedia.org/wiki/Melvin_Mastil
Algeria,Aïssa Mandi,https://en.wikipedia.org/wiki/A%C3%AFssa_Mandi
Algeria,Achref Abada,https://en.wikipedia.org/wiki/Achref_Abada
Algeria,Mohamed Amine Tougai,https://en.wikipedia.org/wiki/Mohamed_Amine_Tougai
Algeria,Zineddine Belaïd,https://en.wikipedia.org/wiki/Zineddine_Bela%C3%AFd
Algeria,Ramiz Zerrouki,https://en.wikipedia.org/wiki/Ramiz_Zerrouki
Algeria,Riyad Mahrez,https://en.wikipedia.org/wiki/Riyad_Mahrez
Algeria,Houssem Aouar,https://en.wikipedia.org/wiki/Houssem_Aouar
Algeria,Amine Gouiri,https://en.wikipedia.org/wiki/Amine_Gouiri
Algeria,Farès Chaïbi,https://en.wikipedia.org/wiki/Far%C3%A8s_Cha%C3%AFbi
Algeria,Anis Hadj Moussa,https://en.wikipedia.org/wiki/Anis_Hadj_Moussa
Algeria,Nadhir Benbouali,https://en.wikipedia.org/wiki/Nadhir_Benbouali
Algeria,Jaouen Hadjam,https://en.wikipedia.org/wiki/Jaouen_Hadjam
Algeria,Hicham Boudaoui,https://en.wikipedia.org/wiki/Hicham_Boudaoui
Algeria,Rayan Aït-Nouri,https://en.wikipedia.org/wiki/Rayan_A%C3%AFt-Nouri
Algeria,Oussama Benbot,https://en.wikipedia.org/wiki/Oussama_Benbot
Algeria,Rafik Belghali,https://en.wikipedia.org/wiki/Rafik_Belghali
Algeria,Mohamed Amoura,https://en.wikipedia.org/wiki/Mohamed_Amoura
Algeria,Nabil Bentaleb,https://en.wikipedia.org/wiki/Nabil_Bentaleb
Algeria,Adil Boulbina,https://en.wikipedia.org/wiki/Adil_Boulbina
Algeria,Ramy Bensebaini,https://en.wikipedia.org/wiki/Ramy_Bensebaini
Algeria,Ibrahim Maza,https://en.wikipedia.org/wiki/Ibrahim_Maza
Algeria,Luca Zidane,https://en.wikipedia.org/wiki/Luca_Zidane
Algeria,Yacine Titraoui,https://en.wikipedia.org/wiki/Yacine_Titraoui
Algeria,Farès Ghedjemis,https://en.wikipedia.org/wiki/Far%C3%A8s_Ghedjemis
Algeria,Samir Chergui,https://en.wikipedia.org/wiki/Samir_Chergui
Argentina,Juan Musso,https://en.wikipedia.org/wiki/Juan_Musso
Argentina,Marcos Senesi,https://en.wikipedia.org/wiki/Marcos_Senesi
Argentina,Nicolás Tagliafico,https://en.wikipedia.org/wiki/Nicol%C3%A1s_Tagliafico
Argentina,Gonzalo Montiel,https://en.wikipedia.org/wiki/Gonzalo_Montiel
Argentina,Leandro Paredes,https://en.wikipedia.org/wiki/Leandro_Paredes
Argentina,Lisandro Martínez,https://en.wikipedia.org/wiki/Lisandro_Mart%C3%ADnez
Argentina,Rodrigo De Paul,https://en.wikipedia.org/wiki/Rodrigo_De_Paul
Argentina,Valentín Barco,https://en.wikipedia.org/wiki/Valent%C3%ADn_Barco
Argentina,Julián Alvarez,https://en.wikipedia.org/wiki/Juli%C3%A1n_Alvarez
Argentina,Lionel Messi,https://en.wikipedia.org/wiki/Lionel_Messi
Argentina,Giovani Lo Celso,https://en.wikipedia.org/wiki/Giovani_Lo_Celso
Argentina,Gerónimo Rulli,https://en.wikipedia.org/wiki/Ger%C3%B3nimo_Rulli
Argentina,Cristian Romero,https://en.wikipedia.org/wiki/Cristian_Romero
Argentina,Exequiel Palacios,https://en.wikipedia.org/wiki/Exequiel_Palacios
Argentina,Nicolás González,"https://en.wikipedia.org/wiki/Nicol%C3%A1s_Gonz%C3%A1lez_(footballer,_born_1998)"
Argentina,Thiago Almada,https://en.wikipedia.org/wiki/Thiago_Almada
Argentina,Giuliano Simeone,https://en.wikipedia.org/wiki/Giuliano_Simeone
Argentina,Nico Paz,https://en.wikipedia.org/wiki/Nico_Paz
Argentina,Nicolás Otamendi,https://en.wikipedia.org/wiki/Nicol%C3%A1s_Otamendi
Argentina,Alexis Mac Allister,https://en.wikipedia.org/wiki/Alexis_Mac_Allister
Argentina,José Manuel López,https://en.wikipedia.org/wiki/Jos%C3%A9_Manuel_L%C3%B3pez_(footballer)
Argentina,Lautaro Martínez,https://en.wikipedia.org/wiki/Lautaro_Mart%C3%ADnez
Argentina,Emiliano Martínez,https://en.wikipedia.org/wiki/Emiliano_Mart%C3%ADnez
Argentina,Enzo Fernández,https://en.wikipedia.org/wiki/Enzo_Fern%C3%A1ndez
Argentina,Facundo Medina,https://en.wikipedia.org/wiki/Facundo_Medina
Argentina,Nahuel Molina,https://en.wikipedia.org/wiki/Nahuel_Molina
Austria,Alexander Schlager,https://en.wikipedia.org/wiki/Alexander_Schlager
Austria,David Affengruber,"https://en.wikipedia.org/wiki/David_Affengruber_(footballer,_born_2001)"
Austria,Kevin Danso,https://en.wikipedia.org/wiki/Kevin_Danso
Austria,Xaver Schlager,https://en.wikipedia.org/wiki/Xaver_Schlager
Austria,Stefan Posch,https://en.wikipedia.org/wiki/Stefan_Posch
Austria,Nicolas Seiwald,https://en.wikipedia.org/wiki/Nicolas_Seiwald
Austria,Marko Arnautović,https://en.wikipedia.org/wiki/Marko_Arnautovi%C4%87
Austria,David Alaba,https://en.wikipedia.org/wiki/David_Alaba
Austria,Marcel Sabitzer,https://en.wikipedia.org/wiki/Marcel_Sabitzer
Austria,Florian Grillitsch,https://en.wikipedia.org/wiki/Florian_Grillitsch
Austria,Michael Gregoritsch,https://en.wikipedia.org/wiki/Michael_Gregoritsch
Austria,Florian Wiegele,https://en.wikipedia.org/wiki/Florian_Wiegele
Austria,Patrick Pentz,https://en.wikipedia.org/wiki/Patrick_Pentz
Austria,Saša Kalajdžić,https://en.wikipedia.org/wiki/Sa%C5%A1a_Kalajd%C5%BEi%C4%87
Austria,Philipp Lienhart,https://en.wikipedia.org/wiki/Philipp_Lienhart
Austria,Phillipp Mwene,https://en.wikipedia.org/wiki/Phillipp_Mwene
Austria,Carney Chukwuemeka,https://en.wikipedia.org/wiki/Carney_Chukwuemeka
Austria,Romano Schmid,https://en.wikipedia.org/wiki/Romano_Schmid
Austria,Dejan Ljubičić,https://en.wikipedia.org/wiki/Dejan_Ljubi%C4%8Di%C4%87
Austria,Konrad Laimer,https://en.wikipedia.org/wiki/Konrad_Laimer
Austria,Patrick Wimmer,https://en.wikipedia.org/wiki/Patrick_Wimmer
Austria,Alexander Prass,https://en.wikipedia.org/wiki/Alexander_Prass
Austria,Marco Friedl,https://en.wikipedia.org/wiki/Marco_Friedl
Austria,Paul Wanner,https://en.wikipedia.org/wiki/Paul_Wanner
Austria,Michael Svoboda,https://en.wikipedia.org/wiki/Michael_Svoboda
Austria,Alessandro Schöpf,https://en.wikipedia.org/wiki/Alessandro_Sch%C3%B6pf
Jordan,Yazeed Abulaila,https://en.wikipedia.org/wiki/Yazeed_Abulaila
Jordan,Mohammad Abu Hashish,https://en.wikipedia.org/wiki/Mohammad_Abu_Hashish
Jordan,Abdallah Nasib,https://en.wikipedia.org/wiki/Abdallah_Nasib
Jordan,Husam Abu Dahab,https://en.wikipedia.org/wiki/Husam_Abu_Dahab
Jordan,Yazan Al-Arab,https://en.wikipedia.org/wiki/Yazan_Al-Arab
Jordan,Amer Jamous,https://en.wikipedia.org/wiki/Amer_Jamous
Jordan,Mohammad Abu Zrayq,https://en.wikipedia.org/wiki/Mohammad_Abu_Zrayq
Jordan,Noor Al-Rawabdeh,https://en.wikipedia.org/wiki/Noor_Al-Rawabdeh
Jordan,Ali Olwan,https://en.wikipedia.org/wiki/Ali_Olwan
Jordan,Musa Al-Taamari,https://en.wikipedia.org/wiki/Musa_Al-Taamari
Jordan,Odeh Al-Fakhouri,https://en.wikipedia.org/wiki/Odeh_Al-Fakhouri
Jordan,Nour Bani Attiah,https://en.wikipedia.org/wiki/Nour_Bani_Attiah
Jordan,Mahmoud Al-Mardi,https://en.wikipedia.org/wiki/Mahmoud_Al-Mardi
Jordan,Rajaei Ayed,https://en.wikipedia.org/wiki/Rajaei_Ayed
Jordan,Ibrahim Sadeh,https://en.wikipedia.org/wiki/Ibrahim_Sadeh
Jordan,Mo Abualnadi,https://en.wikipedia.org/wiki/Mo_Abualnadi
Jordan,Salim Obaid,https://en.wikipedia.org/wiki/Salim_Obaid
Jordan,Mohammad Taha,https://en.wikipedia.org/wiki/Mohammad_Taha_(footballer)
Jordan,Saed Al-Rosan,https://en.wikipedia.org/wiki/Saed_Al-Rosan
Jordan,Mohannad Abu Taha,https://en.wikipedia.org/wiki/Mohannad_Abu_Taha
Jordan,Nizar Al-Rashdan,https://en.wikipedia.org/wiki/Nizar_Al-Rashdan
Jordan,Abdallah Al-Fakhouri,https://en.wikipedia.org/wiki/Abdallah_Al-Fakhouri
Jordan,Ihsan Haddad,https://en.wikipedia.org/wiki/Ihsan_Haddad
Jordan,Ali Azaizeh,https://en.wikipedia.org/wiki/Ali_Azaizeh
Jordan,Mohammad Al-Dawoud,https://en.wikipedia.org/wiki/Mohammad_Al-Dawoud
Jordan,Anas Badawi,https://en.wikipedia.org/wiki/Anas_Badawi
Colombia,David Ospina,https://en.wikipedia.org/wiki/David_Ospina
Colombia,Daniel Muñoz,https://en.wikipedia.org/wiki/Daniel_Mu%C3%B1oz_(footballer)
Colombia,Jhon Lucumí,https://en.wikipedia.org/wiki/Jhon_Lucum%C3%AD
Colombia,Santiago Arias,https://en.wikipedia.org/wiki/Santiago_Arias
Colombia,Kevin Castaño,https://en.wikipedia.org/wiki/Kevin_Casta%C3%B1o
Colombia,Richard Ríos,https://en.wikipedia.org/wiki/Richard_R%C3%ADos
Colombia,Luis Díaz,"https://en.wikipedia.org/wiki/Luis_D%C3%ADaz_(footballer,_born_1997)"
Colombia,Jorge Carrascal,https://en.wikipedia.org/wiki/Jorge_Carrascal
Colombia,Jhon Córdoba,https://en.wikipedia.org/wiki/Jhon_C%C3%B3rdoba
Colombia,James Rodríguez,https://en.wikipedia.org/wiki/James_Rodr%C3%ADguez
Colombia,Jhon Arias,https://en.wikipedia.org/wiki/Jhon_Arias_(footballer)
Colombia,Camilo Vargas,https://en.wikipedia.org/wiki/Camilo_Vargas
Colombia,Yerry Mina,https://en.wikipedia.org/wiki/Yerry_Mina
Colombia,Gustavo Puerta,https://en.wikipedia.org/wiki/Gustavo_Puerta
Colombia,Juan Portilla,https://en.wikipedia.org/wiki/Juan_Portilla
Colombia,Jefferson Lerma,https://en.wikipedia.org/wiki/Jefferson_Lerma
Colombia,Johan Mojica,https://en.wikipedia.org/wiki/Johan_Mojica
Colombia,Willer Ditta,https://en.wikipedia.org/wiki/Willer_Ditta
Colombia,Cucho Hernández,https://en.wikipedia.org/wiki/Cucho_Hern%C3%A1ndez
Colombia,Juan Fernando Quintero,https://en.wikipedia.org/wiki/Juan_Fernando_Quintero
Colombia,Jaminton Campaz,https://en.wikipedia.org/wiki/Jaminton_Campaz
Colombia,Deiver Machado,https://en.wikipedia.org/wiki/Deiver_Machado
Colombia,Davinson Sánchez,https://en.wikipedia.org/wiki/Davinson_S%C3%A1nchez
Colombia,Álvaro Montero,https://en.wikipedia.org/wiki/%C3%81lvaro_Montero_(Colombian_footballer)
Colombia,Luis Suárez,"https://en.wikipedia.org/wiki/Luis_Su%C3%A1rez_(footballer,_born_1997)"
Colombia,Andrés Gómez,https://en.wikipedia.org/wiki/Andr%C3%A9s_G%C3%B3mez_(footballer)
DR Congo,Lionel Mpasi,https://en.wikipedia.org/wiki/Lionel_Mpasi
DR Congo,Aaron Wan-Bissaka,https://en.wikipedia.org/wiki/Aaron_Wan-Bissaka
DR Congo,Steve Kapuadi,https://en.wikipedia.org/wiki/Steve_Kapuadi
DR Congo,Axel Tuanzebe,https://en.wikipedia.org/wiki/Axel_Tuanzebe
DR Congo,Dylan Batubinsika,https://en.wikipedia.org/wiki/Dylan_Batubinsika
DR Congo,Ngal'ayel Mukau,https://en.wikipedia.org/wiki/Ngal%27ayel_Mukau
DR Congo,Nathanaël Mbuku,https://en.wikipedia.org/wiki/Nathana%C3%ABl_Mbuku
DR Congo,Samuel Moutoussamy,https://en.wikipedia.org/wiki/Samuel_Moutoussamy
DR Congo,Brian Cipenga,https://en.wikipedia.org/wiki/Brian_Cipenga
DR Congo,Théo Bongonda,https://en.wikipedia.org/wiki/Th%C3%A9o_Bongonda
DR Congo,Gaël Kakuta,https://en.wikipedia.org/wiki/Ga%C3%ABl_Kakuta
DR Congo,Joris Kayembe,https://en.wikipedia.org/wiki/Joris_Kayembe
DR Congo,Meschak Elia,https://en.wikipedia.org/wiki/Meschak_Elia
DR Congo,Noah Sadiki,https://en.wikipedia.org/wiki/Noah_Sadiki
DR Congo,Aaron Tshibola,https://en.wikipedia.org/wiki/Aaron_Tshibola
DR Congo,Timothy Fayulu,https://en.wikipedia.org/wiki/Timothy_Fayulu
DR Congo,Cédric Bakambu,https://en.wikipedia.org/wiki/C%C3%A9dric_Bakambu
DR Congo,Charles Pickel,https://en.wikipedia.org/wiki/Charles_Pickel
DR Congo,Fiston Mayele,https://en.wikipedia.org/wiki/Fiston_Mayele
DR Congo,Yoane Wissa,https://en.wikipedia.org/wiki/Yoane_Wissa
DR Congo,Matthieu Epolo,https://en.wikipedia.org/wiki/Matthieu_Epolo
DR Congo,Chancel Mbemba,https://en.wikipedia.org/wiki/Chancel_Mbemba
DR Congo,Simon Banza,https://en.wikipedia.org/wiki/Simon_Banza
DR Congo,Gédéon Kalulu,https://en.wikipedia.org/wiki/G%C3%A9d%C3%A9on_Kalulu
DR Congo,Edo Kayembe,https://en.wikipedia.org/wiki/Edo_Kayembe
DR Congo,Arthur Masuaku,https://en.wikipedia.org/wiki/Arthur_Masuaku
Portugal,Diogo Costa,https://en.wikipedia.org/wiki/Diogo_Costa
Portugal,Nélson Semedo,https://en.wikipedia.org/wiki/N%C3%A9lson_Semedo
Portugal,Rúben Dias,https://en.wikipedia.org/wiki/R%C3%BAben_Dias
Portugal,Tomás Araújo,https://en.wikipedia.org/wiki/Tom%C3%A1s_Ara%C3%BAjo
Portugal,Diogo Dalot,https://en.wikipedia.org/wiki/Diogo_Dalot
Portugal,Matheus Nunes,https://en.wikipedia.org/wiki/Matheus_Nunes
Portugal,Cristiano Ronaldo,https://en.wikipedia.org/wiki/Cristiano_Ronaldo
Portugal,Bruno Fernandes,https://en.wikipedia.org/wiki/Bruno_Fernandes
Portugal,Gonçalo Ramos,https://en.wikipedia.org/wiki/Gon%C3%A7alo_Ramos
Portugal,Bernardo Silva,https://en.wikipedia.org/wiki/Bernardo_Silva
Portugal,João Félix,https://en.wikipedia.org/wiki/Jo%C3%A3o_F%C3%A9lix
Portugal,José Sá,https://en.wikipedia.org/wiki/Jos%C3%A9_S%C3%A1
Portugal,Renato Veiga,https://en.wikipedia.org/wiki/Renato_Veiga
Portugal,Gonçalo Inácio,https://en.wikipedia.org/wiki/Gon%C3%A7alo_In%C3%A1cio
Portugal,João Neves,https://en.wikipedia.org/wiki/Jo%C3%A3o_Neves
Portugal,Francisco Trincão,https://en.wikipedia.org/wiki/Francisco_Trinc%C3%A3o
Portugal,Rafael Leão,https://en.wikipedia.org/wiki/Rafael_Le%C3%A3o
Portugal,Pedro Neto,https://en.wikipedia.org/wiki/Pedro_Neto
Portugal,Gonçalo Guedes,https://en.wikipedia.org/wiki/Gon%C3%A7alo_Guedes
Portugal,João Cancelo,https://en.wikipedia.org/wiki/Jo%C3%A3o_Cancelo
Portugal,Rúben Neves,https://en.wikipedia.org/wiki/R%C3%BAben_Neves
Portugal,Rui Silva,"https://en.wikipedia.org/wiki/Rui_Silva_(footballer,_born_1994)"
Portugal,Vitinha,https://en.wikipedia.org/wiki/Vitinha
Portugal,Samú Costa,https://en.wikipedia.org/wiki/Sam%C3%BA_Costa
Portugal,Nuno Mendes,"https://en.wikipedia.org/wiki/Nuno_Mendes_(footballer,_born_2002)"
Portugal,Francisco Conceição,https://en.wikipedia.org/wiki/Francisco_Concei%C3%A7%C3%A3o
Uzbekistan,Utkir Yusupov,https://en.wikipedia.org/wiki/Utkir_Yusupov
Uzbekistan,Abdukodir Khusanov,https://en.wikipedia.org/wiki/Abdukodir_Khusanov
Uzbekistan,Khojiakbar Alijonov,https://en.wikipedia.org/wiki/Khojiakbar_Alijonov
Uzbekistan,Farrukh Sayfiev,https://en.wikipedia.org/wiki/Farrukh_Sayfiev
Uzbekistan,Rustam Ashurmatov,https://en.wikipedia.org/wiki/Rustam_Ashurmatov
Uzbekistan,Akmal Mozgovoy,https://en.wikipedia.org/wiki/Akmal_Mozgovoy
Uzbekistan,Otabek Shukurov,https://en.wikipedia.org/wiki/Otabek_Shukurov
Uzbekistan,Jamshid Iskanderov,https://en.wikipedia.org/wiki/Jamshid_Iskanderov
Uzbekistan,Odiljon Hamrobekov,https://en.wikipedia.org/wiki/Odiljon_Hamrobekov
Uzbekistan,Ruslanbek Jiyanov,https://en.wikipedia.org/wiki/Ruslanbek_Jiyanov
Uzbekistan,Oston Urunov,https://en.wikipedia.org/wiki/Oston_Urunov
Uzbekistan,Abduvohid Nematov,https://en.wikipedia.org/wiki/Abduvohid_Nematov
Uzbekistan,Sherzod Nasrullaev,https://en.wikipedia.org/wiki/Sherzod_Nasrullaev
Uzbekistan,Eldor Shomurodov,https://en.wikipedia.org/wiki/Eldor_Shomurodov
Uzbekistan,Umar Eshmurodov,https://en.wikipedia.org/wiki/Umar_Eshmurodov
Uzbekistan,Botirali Ergashev,https://en.wikipedia.org/wiki/Botirali_Ergashev
Uzbekistan,Dostonbek Khamdamov,https://en.wikipedia.org/wiki/Dostonbek_Khamdamov
Uzbekistan,Abdulla Abdullaev,https://en.wikipedia.org/wiki/Abdulla_Abdullaev
Uzbekistan,Azizjon Ganiev,https://en.wikipedia.org/wiki/Azizjon_Ganiev
Uzbekistan,Azizbek Amonov,https://en.wikipedia.org/wiki/Azizbek_Amonov
Uzbekistan,Igor Sergeev,https://en.wikipedia.org/wiki/Igor_Sergeev
Uzbekistan,Abbosbek Fayzullaev,https://en.wikipedia.org/wiki/Abbosbek_Fayzullaev
Uzbekistan,Sherzod Esanov,https://en.wikipedia.org/wiki/Sherzod_Esanov
Uzbekistan,Bekhruz Karimov,https://en.wikipedia.org/wiki/Bekhruz_Karimov
Uzbekistan,Avazbek Ulmasaliev,https://en.wikipedia.org/wiki/Avazbek_Ulmasaliev
Uzbekistan,Jakhongir Urozov,https://en.wikipedia.org/wiki/Jakhongir_Urozov
Croatia,Dominik Livaković,https://en.wikipedia.org/wiki/Dominik_Livakovi%C4%87
Croatia,Josip Stanišić,https://en.wikipedia.org/wiki/Josip_Stani%C5%A1i%C4%87
Croatia,Marin Pongračić,https://en.wikipedia.org/wiki/Marin_Pongra%C4%8Di%C4%87
Croatia,Joško Gvardiol,https://en.wikipedia.org/wiki/Jo%C5%A1ko_Gvardiol
Croatia,Duje Ćaleta-Car,https://en.wikipedia.org/wiki/Duje_%C4%86aleta-Car
Croatia,Josip Šutalo,https://en.wikipedia.org/wiki/Josip_%C5%A0utalo
Croatia,Nikola Moro,https://en.wikipedia.org/wiki/Nikola_Moro
Croatia,Mateo Kovačić,https://en.wikipedia.org/wiki/Mateo_Kova%C4%8Di%C4%87
Croatia,Andrej Kramarić,https://en.wikipedia.org/wiki/Andrej_Kramari%C4%87
Croatia,Luka Modrić,https://en.wikipedia.org/wiki/Luka_Modri%C4%87
Croatia,Ante Budimir,https://en.wikipedia.org/wiki/Ante_Budimir
Croatia,Ivor Pandur,https://en.wikipedia.org/wiki/Ivor_Pandur
Croatia,Nikola Vlašić,https://en.wikipedia.org/wiki/Nikola_Vla%C5%A1i%C4%87
Croatia,Ivan Perišić,https://en.wikipedia.org/wiki/Ivan_Peri%C5%A1i%C4%87
Croatia,Mario Pašalić,https://en.wikipedia.org/wiki/Mario_Pa%C5%A1ali%C4%87
Croatia,Martin Baturina,https://en.wikipedia.org/wiki/Martin_Baturina
Croatia,Petar Sučić,https://en.wikipedia.org/wiki/Petar_Su%C4%8Di%C4%87
Croatia,Kristijan Jakić,https://en.wikipedia.org/wiki/Kristijan_Jaki%C4%87
Croatia,Toni Fruk,https://en.wikipedia.org/wiki/Toni_Fruk
Croatia,Igor Matanović,https://en.wikipedia.org/wiki/Igor_Matanovi%C4%87
Croatia,Luka Sučić,https://en.wikipedia.org/wiki/Luka_Su%C4%8Di%C4%87
Croatia,Luka Vušković,https://en.wikipedia.org/wiki/Luka_Vu%C5%A1kovi%C4%87
Croatia,Dominik Kotarski,https://en.wikipedia.org/wiki/Dominik_Kotarski
Croatia,Marco Pašalić,https://en.wikipedia.org/wiki/Marco_Pa%C5%A1ali%C4%87
Croatia,Martin Erlić,https://en.wikipedia.org/wiki/Martin_Erli%C4%87
Croatia,Petar Musa,https://en.wikipedia.org/wiki/Petar_Musa
England,Jordan Pickford,https://en.wikipedia.org/wiki/Jordan_Pickford
England,Ezri Konsa,https://en.wikipedia.org/wiki/Ezri_Konsa
England,Nico O'Reilly,https://en.wikipedia.org/wiki/Nico_O%27Reilly
England,Declan Rice,https://en.wikipedia.org/wiki/Declan_Rice
England,John Stones,https://en.wikipedia.org/wiki/John_Stones
England,Marc Guéhi,https://en.wikipedia.org/wiki/Marc_Gu%C3%A9hi
England,Bukayo Saka,https://en.wikipedia.org/wiki/Bukayo_Saka
England,Elliot Anderson,https://en.wikipedia.org/wiki/Elliot_Anderson_(footballer)
England,Harry Kane,https://en.wikipedia.org/wiki/Harry_Kane
England,Jude Bellingham,https://en.wikipedia.org/wiki/Jude_Bellingham
England,Marcus Rashford,https://en.wikipedia.org/wiki/Marcus_Rashford
England,Trevoh Chalobah,https://en.wikipedia.org/wiki/Trevoh_Chalobah
England,Dean Henderson,https://en.wikipedia.org/wiki/Dean_Henderson
England,Jordan Henderson,https://en.wikipedia.org/wiki/Jordan_Henderson
England,Dan Burn,https://en.wikipedia.org/wiki/Dan_Burn
England,Kobbie Mainoo,https://en.wikipedia.org/wiki/Kobbie_Mainoo
England,Morgan Rogers,https://en.wikipedia.org/wiki/Morgan_Rogers
England,Anthony Gordon,https://en.wikipedia.org/wiki/Anthony_Gordon_(footballer)
England,Ollie Watkins,https://en.wikipedia.org/wiki/Ollie_Watkins
England,Noni Madueke,https://en.wikipedia.org/wiki/Noni_Madueke
England,Eberechi Eze,https://en.wikipedia.org/wiki/Eberechi_Eze
England,Ivan Toney,https://en.wikipedia.org/wiki/Ivan_Toney
England,James Trafford,https://en.wikipedia.org/wiki/James_Trafford
England,Reece James,https://en.wikipedia.org/wiki/Reece_James
England,Djed Spence,https://en.wikipedia.org/wiki/Djed_Spence
England,Jarell Quansah,https://en.wikipedia.org/wiki/Jarell_Quansah
Ghana,Lawrence Ati-Zigi,https://en.wikipedia.org/wiki/Lawrence_Ati-Zigi
Ghana,Alidu Seidu,https://en.wikipedia.org/wiki/Alidu_Seidu
Ghana,Caleb Yirenkyi,https://en.wikipedia.org/wiki/Caleb_Yirenkyi
Ghana,Jonas Adjetey,https://en.wikipedia.org/wiki/Jonas_Adjetey
Ghana,Thomas Partey,https://en.wikipedia.org/wiki/Thomas_Partey
Ghana,Abdul Mumin,https://en.wikipedia.org/wiki/Abdul_Mumin
Ghana,Abdul Fatawu,https://en.wikipedia.org/wiki/Abdul_Fatawu
Ghana,Kwasi Sibo,https://en.wikipedia.org/wiki/Kwasi_Sibo
Ghana,Jordan Ayew,https://en.wikipedia.org/wiki/Jordan_Ayew
Ghana,Brandon Thomas-Asante,https://en.wikipedia.org/wiki/Brandon_Thomas-Asante
Ghana,Antoine Semenyo,https://en.wikipedia.org/wiki/Antoine_Semenyo
Ghana,Joseph Anang,https://en.wikipedia.org/wiki/Joseph_Anang
Ghana,Christopher Bonsu Baah,https://en.wikipedia.org/wiki/Christopher_Bonsu_Baah
Ghana,Gideon Mensah,"https://en.wikipedia.org/wiki/Gideon_Mensah_(footballer,_born_1998)"
Ghana,Elisha Owusu,https://en.wikipedia.org/wiki/Elisha_Owusu
Ghana,Benjamin Asare,https://en.wikipedia.org/wiki/Benjamin_Asare
Ghana,Abdul Rahman Baba,https://en.wikipedia.org/wiki/Abdul_Rahman_Baba
Ghana,Jerome Opoku,https://en.wikipedia.org/wiki/Jerome_Opoku
Ghana,Iñaki Williams,https://en.wikipedia.org/wiki/I%C3%B1aki_Williams
Ghana,Augustine Boakye,https://en.wikipedia.org/wiki/Augustine_Boakye
Ghana,Kojo Peprah Oppong,https://en.wikipedia.org/wiki/Kojo_Peprah_Oppong
Ghana,Kamaldeen Sulemana,https://en.wikipedia.org/wiki/Kamaldeen_Sulemana
Ghana,Derrick Luckassen,https://en.wikipedia.org/wiki/Derrick_Luckassen
Ghana,Ernest Nuamah,https://en.wikipedia.org/wiki/Ernest_Nuamah
Ghana,Prince Kwabena Adu,https://en.wikipedia.org/wiki/Prince_Kwabena_Adu
Ghana,Marvin Senaya,https://en.wikipedia.org/wiki/Marvin_Senaya
Panama,Luis Mejía,https://en.wikipedia.org/wiki/Luis_Mej%C3%ADa
Panama,César Blackman,https://en.wikipedia.org/wiki/C%C3%A9sar_Blackman
Panama,José Córdoba,https://en.wikipedia.org/wiki/Jos%C3%A9_C%C3%B3rdoba
Panama,Fidel Escobar,https://en.wikipedia.org/wiki/Fidel_Escobar
Panama,Edgardo Fariña,https://en.wikipedia.org/wiki/Edgardo_Fari%C3%B1a
Panama,Cristian Martínez,https://en.wikipedia.org/wiki/Cristian_Mart%C3%ADnez_(Panamanian_footballer)
Panama,José Luis Rodríguez,"https://en.wikipedia.org/wiki/Jos%C3%A9_Luis_Rodr%C3%ADguez_(footballer,_born_1998)"
Panama,Adalberto Carrasquilla,https://en.wikipedia.org/wiki/Adalberto_Carrasquilla
Panama,Tomás Rodríguez,https://en.wikipedia.org/wiki/Tom%C3%A1s_Rodr%C3%ADguez_(footballer)
Panama,Ismael Díaz,"https://en.wikipedia.org/wiki/Ismael_D%C3%ADaz_(footballer,_born_1997)"
Panama,Yoel Bárcenas,https://en.wikipedia.org/wiki/Yoel_B%C3%A1rcenas
Panama,César Samudio,https://en.wikipedia.org/wiki/C%C3%A9sar_Samudio
Panama,Jiovany Ramos,https://en.wikipedia.org/wiki/Jiovany_Ramos
Panama,Carlos Harvey,https://en.wikipedia.org/wiki/Carlos_Harvey
Panama,Eric Davis,https://en.wikipedia.org/wiki/Eric_Davis_(Panamanian_footballer)
Panama,Andrés Andrade,"https://en.wikipedia.org/wiki/Andr%C3%A9s_Andrade_(footballer,_born_1998)"
Panama,José Fajardo,https://en.wikipedia.org/wiki/Jos%C3%A9_Fajardo_(footballer)
Panama,Cecilio Waterman,https://en.wikipedia.org/wiki/Cecilio_Waterman
Panama,Alberto Quintero,https://en.wikipedia.org/wiki/Alberto_Quintero_(footballer)
Panama,Aníbal Godoy,https://en.wikipedia.org/wiki/An%C3%ADbal_Godoy
Panama,César Yanis,https://en.wikipedia.org/wiki/C%C3%A9sar_Yanis
Panama,Orlando Mosquera,https://en.wikipedia.org/wiki/Orlando_Mosquera
Panama,Michael Amir Murillo,https://en.wikipedia.org/wiki/Michael_Amir_Murillo
Panama,Azarias Londoño,https://en.wikipedia.org/wiki/Azarias_Londo%C3%B1o
Panama,Roderick Miller,https://en.wikipedia.org/wiki/Roderick_Miller_(footballer)
Panama,Jorge Gutiérrez,https://en.wikipedia.org/wiki/Jorge_Guti%C3%A9rrez_(footballer)
